<?xml version="1.0" encoding="UTF-8"?>
<?xml-stylesheet type='text/xsl' href='app/s1000d_4.xslt'
?><!DOCTYPE dmodule [
  <!NOTATION JPEG SYSTEM 'Joint Photographic Experts Group'>
  <!ENTITY ICN-S1000DBIKE-AAA-DA51000-0-U8025-00519-A-04-1 SYSTEM 'media/ICN-S1000DBIKE-AAA-DA51000-0-U8025-00519-A-04-1.jpg' NDATA JPEG>
  <!ENTITY ICN-S1000DBIKE-AAA-DA51000-0-U8025-00520-A-04-1 SYSTEM 'media/ICN-S1000DBIKE-AAA-DA51000-0-U8025-00520-A-04-1.jpg' NDATA JPEG>
]>
<dmodule xmlns:dc="http://www.purl.org/dc/elements/1.1/" xmlns:rdf="http://www.w3.org/1999/02/22-rdf-syntax-ns#" xmlns:xlink="http://www.w3.org/1999/xlink" xmlns:xsi="http://www.w3.org/2001/XMLSchema-instance" xsi:noNamespaceSchemaLocation="http://www.s1000d.org/S1000D_4-0/xml_schema_flat/descript.xsd">
  <rdf:Description>
    <dc:creator>U8025</dc:creator>
    <dc:title>Mechs - Description of how it is made</dc:title>
    <dc:subject>Mechs - Description of how it is made</dc:subject>
    <dc:publisher>U8025</dc:publisher>
    <dc:contributor>U8025</dc:contributor>
    <dc:date>2008-08-01</dc:date>
    <dc:type>text</dc:type>
    <dc:format>text/xml</dc:format>
    <dc:identifier>S1000DBIKE-AAA-DA5-10-00-00AA-041A-A_006-00</dc:identifier>
    <dc:language>en-US</dc:language>
    <dc:rights>01_cc51_cv51</dc:rights>
  </rdf:Description>
  <identAndStatusSection>
    <dmAddress>
      <dmIdent>
        <dmCode modelIdentCode="S1000DBIKE" systemDiffCode="AAA" systemCode="DA5" subSystemCode="1" subSubSystemCode="0" assyCode="00" disassyCode="00" disassyCodeVariant="AA" infoCode="041" infoCodeVariant="A" itemLocationCode="A" />
        <language countryIsoCode="US" languageIsoCode="en" />
        <issueInfo issueNumber="006" inWork="00" />
      </dmIdent>
      <dmAddressItems>
        <issueDate year="2008" month="08" day="01" />
        <dmTitle>
          <techName>Mechs</techName>
          <infoName>Description of how it is made</infoName>
        </dmTitle>
      </dmAddressItems>
    </dmAddress>
    <dmStatus issueType="revised">
      <security securityClassification="01" commercialClassification="cc51" caveat="cv51" />
      <dataRestrictions>
        <restrictionInstructions>
          <dataDistribution>To be made available to all S1000D users.</dataDistribution>
          <exportControl>
            <exportRegistrationStmt>
              <simplePara>Export of this data module to all countries that are the residence of organizations that are users of S1000D is permitted. Storage of this data module is to be at the discretion of the organization.</simplePara>
            </exportRegistrationStmt>
          </exportControl>
          <dataHandling>There are no specific handling instructions for this data module.</dataHandling>
          <dataDestruction>Users may destroy this data module in accordance with their own local procedures.</dataDestruction>
          <dataDisclosure>There are no dissemination limitations that apply to this data module.</dataDisclosure>
        </restrictionInstructions>
        <restrictionInfo>
          <copyright>
            <copyrightPara>
              <emphasis>Copyright (C) 2008</emphasis> by each of the following organizations:<randomList><listItem><para>AeroSpace and Defence Industries Associations of Europe - ASD.</para></listItem><listItem><para>Ministries of Defence of the member countries of ASD.</para></listItem></randomList></copyrightPara>
            <copyrightPara>
              <emphasis>Limitations of Liability:</emphasis>
            </copyrightPara>
            <copyrightPara>
              <randomList>
                <listItem>
                  <para>This material is provided "As Is" and neither ASD nor any person who has contributed to the creation, revision or maintenance of the material makes any representations or warranties, express or implied, including but not limited to, warranties of merchantability or fitness for any particular purpose.</para>
                </listItem>
                <listItem>
                  <para>Neither ASD nor any person who has contributed to the creation, revision or maintenance of this material shall be liable for any direct, indirect, special or consequential damages or any other liability arising from any use of this material.</para>
                </listItem>
                <listItem>
                  <para>Revisions to this document may occur after its issuance.  The user is responsible for determining if revisions to the material contained in this document have occurred and are applicable.</para>
                </listItem>
              </randomList>
            </copyrightPara>
          </copyright>
          <policyStatement>TPSMG TOR 001</policyStatement>
          <dataConds>There are no known conditions that would change the data restrictions for, or security classification of, this data module.</dataConds>
        </restrictionInfo>
      </dataRestrictions>
      <responsiblePartnerCompany enterpriseCode="U8025">
        <enterpriseName>UK MoD</enterpriseName>
      </responsiblePartnerCompany>
      <originator enterpriseCode="U8025">
        <enterpriseName>UK MoD</enterpriseName>
      </originator>
      <applicCrossRefTableRef>
        <dmRef xlink:type="simple" xlink:actuate="onRequest" xlink:show="replace" xlink:href="URN:S1000D:DMC-S1000DBIKE-AAA-D00-00-00-00AA-00WA-D">
          <dmRefIdent>
            <dmCode modelIdentCode="S1000DBIKE" systemDiffCode="AAA" systemCode="D00" subSystemCode="0" subSubSystemCode="0" assyCode="00" disassyCode="00" disassyCodeVariant="AA" infoCode="00W" infoCodeVariant="A" itemLocationCode="D" />
          </dmRefIdent>
        </dmRef>
      </applicCrossRefTableRef>
      <applic>
        <displayText>
          <simplePara>Mountain bicycle and (Mountain storm Mk1 or Brook trekker Mk9)</simplePara>
        </displayText>
        <evaluate andOr="and">
          <assert applicPropertyIdent="type" applicPropertyType="prodattr" applicPropertyValues="Mountain bicycle" />
          <evaluate andOr="or">
            <evaluate andOr="and">
              <assert applicPropertyIdent="model" applicPropertyType="prodattr" applicPropertyValues="Mountain storm" />
              <assert applicPropertyIdent="version" applicPropertyType="prodattr" applicPropertyValues="Mk1" />
            </evaluate>
            <evaluate andOr="and">
              <assert applicPropertyIdent="model" applicPropertyType="prodattr" applicPropertyValues="Brook trekker" />
              <assert applicPropertyIdent="version" applicPropertyType="prodattr" applicPropertyValues="Mk9" />
            </evaluate>
          </evaluate>
        </evaluate>
      </applic>
      <techStandard>
        <authorityInfoAndTp>
          <authorityInfo>20010131</authorityInfo>
          <techPubBase>Bike book</techPubBase>
        </authorityInfoAndTp>
        <authorityExceptions />
        <authorityNotes />
      </techStandard>
      <brexDmRef>
        <dmRef xlink:type="simple" xlink:actuate="onRequest" xlink:show="replace" xlink:href="URN:S1000D:DMC-S1000DBIKE-AAA-D00-00-00-00AA-022A-D_007-00">
          <dmRefIdent>
            <dmCode modelIdentCode="S1000DBIKE" systemDiffCode="AAA" systemCode="D00" subSystemCode="0" subSubSystemCode="0" assyCode="00" disassyCode="00" disassyCodeVariant="AA" infoCode="022" infoCodeVariant="A" itemLocationCode="D" />
            <issueInfo issueNumber="007" inWork="00" />
          </dmRefIdent>
        </dmRef>
      </brexDmRef>
      <qualityAssurance>
        <firstVerification verificationType="tabtop" />
      </qualityAssurance>
      <systemBreakdownCode>BY171</systemBreakdownCode>
      <skillLevel skillLevelCode="sk01" />
      <reasonForUpdate>
        <simplePara>totally revised</simplePara>
        <simplePara>Schema cleanup element/attribute renaming</simplePara>
      </reasonForUpdate>
    </dmStatus>
  </identAndStatusSection>
  <content>
    <description>
      <levelledPara>
        <title>Derailleur</title>
        <para>There are two different types of derailleur, the front and the rear.</para>
        <levelledPara>
          <title>Front derailleur</title>
          <para>
						The front derailleur (refer to <internalRef internalRefId="fig-0001" internalRefTargetType="figure" xlink:actuate="onRequest" xlink:show="replace" xlink:href="#fig-0001" />) contains two types of screws to keep the movement of the derailleur to a minimum. These screws are: <randomList listItemPrefix="pf01"><listItem><para>the stop screw low-gear</para></listItem><listItem><para>the stop screw high-gear</para></listItem></randomList></para>
          <para>The function of these screws is to prevent the rider from over shifting . If this occurs, the chain will go out of the chain wheel.</para>
          <figure id="fig-0001">
            <title>Front derailleur</title>
            <graphic xlink:type="simple" xlink:href="URN:S1000D:ICN-S1000DBIKE-AAA-DA51000-0-U8025-00519-A-04-1" xlink:title="Front derailleur" infoEntityIdent="ICN-S1000DBIKE-AAA-DA51000-0-U8025-00519-A-04-1" />
          </figure>
          <para>The derailleur is installed on the bicycle seat tube with a clamp and is parallel to the three front sprockets.</para>
          <para>The shift cable is connected between the shifters on the handle bars and the cable clamp bolt on the front derailleur. This operates the derailleur. On the sprockets there is an inner and outer cage. The clamp attaches the cage.</para>
        </levelledPara>
        <levelledPara>
          <title>Rear derailleur</title>
          <para>
						The rear derailleur (refer to <internalRef internalRefId="fig-0002" internalRefTargetType="figure" xlink:actuate="onRequest" xlink:show="replace" xlink:href="#fig-0002" />) section contains the sprockets for the different gear changes. When the cable clamp bolt is tight, it holds the shift cable in its position. A screwed bolt holds the tension wheel.
					</para>
          <figure id="fig-0002">
            <title>Rear derailleur</title>
            <graphic xlink:type="simple" xlink:href="URN:S1000D:ICN-S1000DBIKE-AAA-DA51000-0-U8025-00520-A-04-1" xlink:title="Rear derailleur" infoEntityIdent="ICN-S1000DBIKE-AAA-DA51000-0-U8025-00520-A-04-1" />
          </figure>
          <para>The derailleur mounting bolt connects the derailleur to the frame. When the user attaches this bolt, this makes sure that the cage plates are parallel with the chain rings.</para>
          <para>The guide wheel has the function to move the chain with the derailleur. It moves the chain from one sprocket to the other. The guide wheel must not move on its axis. If this occurs, there will be wear on the wheel. The position of the guide wheel is below the largest sprocket.</para>
        </levelledPara>
      </levelledPara>
    </description>
  </content>
</dmodule>
