<?xml version="1.0" encoding="UTF-8"?>
<?xml-stylesheet type='text/xsl' href='app/s1000d_4.xslt'
?><!DOCTYPE dmodule [
  <!NOTATION JPEG SYSTEM 'Joint Photographic Experts Group'>
  <!ENTITY ICN-S1000DBIKE-AAA-DA40000-A-06RT9-00050-A-001-01 SYSTEM 'media/ICN-S1000DBIKE-AAA-DA40000-A-06RT9-00050-A-001-01.jpg' NDATA JPEG>
]>
<dmodule xmlns:dc="http://www.purl.org/dc/elements/1.1/" xmlns:rdf="http://www.w3.org/1999/02/22-rdf-syntax-ns#" xmlns:xlink="http://www.w3.org/1999/xlink" xmlns:xsi="http://www.w3.org/2001/XMLSchema-instance" xsi:noNamespaceSchemaLocation="http://www.s1000d.org/S1000D_4-0/xml_schema_flat/learning.xsd">
  <rdf:Description>
    <dc:creator>06RT9</dc:creator>
    <dc:title>Drive train - Description of how it is made: Enabling objective - Verbal information - Facts</dc:title>
    <dc:subject>Drive train - Description of how it is made: Enabling objective - Verbal information - Facts</dc:subject>
    <dc:publisher>06RT9</dc:publisher>
    <dc:contributor>06RT9</dc:contributor>
    <dc:date>2009-08-20</dc:date>
    <dc:type>text</dc:type>
    <dc:format>text/xml</dc:format>
    <dc:identifier>S1000DBIKE-AAA-DA4-00-00-00AA-041A-A-T2FB_001-00</dc:identifier>
    <dc:language>en-US</dc:language>
    <dc:rights>01_cc51</dc:rights>
  </rdf:Description>
  <identAndStatusSection>
    <dmAddress>
      <dmIdent>
        <dmCode modelIdentCode="S1000DBIKE" systemDiffCode="AAA" systemCode="DA4" subSystemCode="0" subSubSystemCode="0" assyCode="00" disassyCode="00" disassyCodeVariant="AA" infoCode="041" infoCodeVariant="A" itemLocationCode="A" learnCode="T2F" learnEventCode="B" />
        <language countryIsoCode="US" languageIsoCode="en" />
        <issueInfo issueNumber="001" inWork="00" />
      </dmIdent>
      <dmAddressItems>
        <issueDate year="2009" month="08" day="20" />
        <dmTitle>
          <techName>Drive train</techName>
          <infoName>Description of how it is made: Enabling objective - Verbal information - Facts</infoName>
        </dmTitle>
      </dmAddressItems>
    </dmAddress>
    <dmStatus>
      <security securityClassification="01" />
      <responsiblePartnerCompany enterpriseCode="06RT9" />
      <originator />
      <applic>
        <displayText />
      </applic>
      <brexDmRef>
        <dmRef>
          <dmRefIdent>
            <dmCode modelIdentCode="S1000D" systemDiffCode="A" systemCode="04" subSystemCode="1" subSubSystemCode="0" assyCode="0301" disassyCode="00" disassyCodeVariant="A" infoCode="022" infoCodeVariant="A" itemLocationCode="D" />
            <issueInfo issueNumber="005" inWork="00" />
            <language languageIsoCode="en" countryIsoCode="US" />
          </dmRefIdent>
        </dmRef>
      </brexDmRef>
      <qualityAssurance>
        <unverified />
      </qualityAssurance>
      <systemBreakdownCode>DA400</systemBreakdownCode>
    </dmStatus>
  </identAndStatusSection>
  <content>
    <learning>
      <learningOverview id="lrnovrvw-b2aa5d57-7c1b-43c9-b48e-4621d3405e31">
        <title>Introduction</title>
        <lcIntro>
          <description>
            <!--<figure>
					  <title></title>
					  <graphic infoEntityIdent="ICN-S1000DBIKE-AAA-DA400-A-06RT9-00050-A-001-01" />
				  </figure>-->
            <para>
							The drive train is a group of components that is necessary for the operation of the bicycle. It is the primary system for the movement. A typical drive train is made up of the:
						</para>
            <para>
              <randomList>
                <listItem>
                  <para>Shifters</para>
                </listItem>
                <listItem>
                  <para>Gear mechanism</para>
                  <para>
                    <randomList>
                      <listItem>
                        <para>Chain rings</para>
                      </listItem>
                      <listItem>
                        <para>Cogsets (cassette and freewheel)</para>
                      </listItem>
                    </randomList>
                  </para>
                </listItem>
                <listItem>
                  <para>Derailleurs</para>
                </listItem>
                <listItem>
                  <para>Chain</para>
                </listItem>
                <listItem>
                  <para>Pedals</para>
                </listItem>
              </randomList>
            </para>
            <para>This topic provides information related to the physical description of a bike's drive train.</para>
            <figure>
              <title />
              <graphic infoEntityIdent="ICN-S1000DBIKE-AAA-DA40000-A-06RT9-00050-A-001-01" />
            </figure>
            <para>
              <emphasis>Objective: Given a photograph of a bike's drive train, you will be able to identify each part with percent accuracy.</emphasis>
            </para>
          </description>
        </lcIntro>
      </learningOverview>
    </learning>
  </content>
</dmodule>
