<?xml version="1.0" encoding="UTF-8"?>
<?xml-stylesheet type='text/xsl' href='app/s1000d_4.xslt'
?><!DOCTYPE dmodule>
<dmodule xmlns:dc="http://www.purl.org/dc/elements/1.1/" xmlns:rdf="http://www.w3.org/1999/02/22-rdf-syntax-ns#" xmlns:xlink="http://www.w3.org/1999/xlink" xmlns:xsi="http://www.w3.org/2001/XMLSchema-instance" xsi:noNamespaceSchemaLocation="http://www.s1000d.org/S1000D_4-0/xml_schema_flat/learning.xsd">
  <rdf:Description>
    <dc:creator>06RT9</dc:creator>
    <dc:title>Bicycle - Operation: Post test</dc:title>
    <dc:subject>Bicycle - Operation: Post test</dc:subject>
    <dc:publisher>06RT9</dc:publisher>
    <dc:contributor>06RT9</dc:contributor>
    <dc:date>2009-10-19</dc:date>
    <dc:type>text</dc:type>
    <dc:format>text/xml</dc:format>
    <dc:identifier>S1000DBIKE-AAA-D00-00-00-00AA-100A-A-T88E_001-00</dc:identifier>
    <dc:language>en-US</dc:language>
    <dc:rights>01_cc51</dc:rights>
  </rdf:Description>
  <identAndStatusSection>
    <dmAddress>
      <dmIdent>
        <dmCode modelIdentCode="S1000DBIKE" systemDiffCode="AAA" systemCode="D00" subSystemCode="0" subSubSystemCode="0" assyCode="00" disassyCode="00" disassyCodeVariant="AA" infoCode="100" infoCodeVariant="A" itemLocationCode="A" learnCode="T88" learnEventCode="E" />
        <language countryIsoCode="US" languageIsoCode="en" />
        <issueInfo issueNumber="001" inWork="00" />
      </dmIdent>
      <dmAddressItems>
        <issueDate year="2009" month="10" day="19" />
        <dmTitle>
          <techName>Bicycle</techName>
          <infoName>Operation: Post test</infoName>
        </dmTitle>
      </dmAddressItems>
    </dmAddress>
    <dmStatus>
      <security securityClassification="01" />
      <responsiblePartnerCompany enterpriseCode="06RT9" />
      <originator />
      <applic>
        <displayText />
      </applic>
      <brexDmRef>
        <dmRef>
          <dmRefIdent>
            <dmCode modelIdentCode="S1000D" systemDiffCode="A" systemCode="04" subSystemCode="1" subSubSystemCode="0" assyCode="0301" disassyCode="00" disassyCodeVariant="A" infoCode="022" infoCodeVariant="A" itemLocationCode="D" />
            <issueInfo issueNumber="005" inWork="00" />
            <language languageIsoCode="en" countryIsoCode="US" />
          </dmRefIdent>
        </dmRef>
      </brexDmRef>
      <qualityAssurance>
        <unverified />
      </qualityAssurance>
      <systemBreakdownCode>D0000</systemBreakdownCode>
    </dmStatus>
  </identAndStatusSection>
  <content>
    <learning>
      <learningAssessment>
        <title>Bicycle Operation: Post-test</title>
        <lcInteraction>
          <lcTrueFalse>
            <lcQuestion>
              <description>
                <para>Select your answer, and then click NEXT.</para>
                <para>
								To remove excess dirt from your bike, you will use a hose that has high pressure.
							</para>
              </description>
            </lcQuestion>
            <lcAnswerOptionGroup>
              <lcAnswerOption>
                <lcAnswerOptionContent>
                  <description>
                    <para>
										true
									</para>
                  </description>
                </lcAnswerOptionContent>
              </lcAnswerOption>
              <lcAnswerOption>
                <lcAnswerOptionContent>
                  <description>
                    <para>
										false
									</para>
                  </description>
                </lcAnswerOptionContent>
                <lcCorrectResponse lcName="lcCorrectResponse" />
              </lcAnswerOption>
            </lcAnswerOptionGroup>
          </lcTrueFalse>
        </lcInteraction>
        <lcInteraction>
          <lcMultipleSelect>
            <title />
            <lcQuestion>
              <description>
                <para>Select all answers that apply, and then click NEXT.</para>
                <para>Hard-to-clean areas on your bike include:</para>
              </description>
            </lcQuestion>
            <lcAnswerOptionGroup>
              <lcAnswerOption>
                <lcAnswerOptionContent>
                  <description>
                    <para>
										Shift levers
									</para>
                  </description>
                </lcAnswerOptionContent>
                <lcCorrectResponse lcName="lcCorrectResponse" />
              </lcAnswerOption>
              <lcAnswerOption>
                <lcAnswerOptionContent>
                  <description>
                    <para>
										Spokes
									</para>
                  </description>
                </lcAnswerOptionContent>
              </lcAnswerOption>
              <lcAnswerOption>
                <lcAnswerOptionContent>
                  <description>
                    <para>
										Brakes
									</para>
                  </description>
                </lcAnswerOptionContent>
                <lcCorrectResponse lcName="lcCorrectResponse" />
              </lcAnswerOption>
              <lcAnswerOption>
                <lcAnswerOptionContent>
                  <description>
                    <para>Stem</para>
                  </description>
                </lcAnswerOptionContent>
              </lcAnswerOption>
            </lcAnswerOptionGroup>
          </lcMultipleSelect>
        </lcInteraction>
        <lcInteraction>
          <lcMultipleSelect>
            <title />
            <lcQuestion>
              <description>
                <para>Select all answers that apply, and then click NEXT.</para>
                <para>A degreasing agent is used to dissolve grease from the freewheel assembly. Once applied, use a stiff-bristled brush to remove the grease from the:</para>
              </description>
            </lcQuestion>
            <lcAnswerOptionGroup>
              <lcAnswerOption>
                <lcAnswerOptionContent>
                  <description>
                    <para>
										Frame
									</para>
                  </description>
                </lcAnswerOptionContent>
              </lcAnswerOption>
              <lcAnswerOption>
                <lcAnswerOptionContent>
                  <description>
                    <para>
										Chain ring teeth
									</para>
                  </description>
                </lcAnswerOptionContent>
                <lcCorrectResponse lcName="lcCorrectResponse" />
              </lcAnswerOption>
              <lcAnswerOption>
                <lcAnswerOptionContent>
                  <description>
                    <para>
										Sprockets
									</para>
                  </description>
                </lcAnswerOptionContent>
                <lcCorrectResponse lcName="lcCorrectResponse" />
              </lcAnswerOption>
              <lcAnswerOption>
                <lcAnswerOptionContent>
                  <description>
                    <para>Derailleur guide and tension wheels</para>
                  </description>
                </lcAnswerOptionContent>
                <lcCorrectResponse lcName="lcCorrectResponse" />
              </lcAnswerOption>
            </lcAnswerOptionGroup>
          </lcMultipleSelect>
        </lcInteraction>
        <lcInteraction>
          <lcSequencing>
            <!--FLASH PROGRAMMERS NOTE: Randomize the display order of answer options - lcValue attribute indicates correct order after user sequencing-->
            <title />
            <lcQuestion id="ques-001">
              <description>
                <para>Place the steps for finding and repairing a puncture in the correct order. First, select a step. Then use the up and down arrows to move the step to the correct position. Repeat for each step, and then click NEXT.</para>
              </description>
            </lcQuestion>
            <lcSequenceOptionGroup>
              <lcSequenceOption>
                <lcAnswerOptionContent>
                  <description>
                    <para>
										Remove the wheel.
									</para>
                  </description>
                </lcAnswerOptionContent>
                <lcSequence lcName="lcSequence" lcValue="1" />
              </lcSequenceOption>
              <lcSequenceOption>
                <lcAnswerOptionContent>
                  <description>
                    <para>
										Unseat the tire.
									</para>
                  </description>
                </lcAnswerOptionContent>
                <lcSequence lcName="lcSequence" lcValue="2" />
              </lcSequenceOption>
              <lcSequenceOption>
                <lcAnswerOptionContent>
                  <description>
                    <para>
										Examine tube for leak.
									</para>
                  </description>
                </lcAnswerOptionContent>
                <lcSequence lcName="lcSequence" lcValue="3" />
              </lcSequenceOption>
              <lcSequenceOption>
                <lcAnswerOptionContent>
                  <description>
                    <para>
										Mark puncture.
									</para>
                  </description>
                </lcAnswerOptionContent>
                <lcSequence lcName="lcSequence" lcValue="4" />
              </lcSequenceOption>
              <lcSequenceOption>
                <lcAnswerOptionContent>
                  <description>
                    <para>
										Sand patch application area.
									</para>
                  </description>
                </lcAnswerOptionContent>
                <lcSequence lcName="lcSequence" lcValue="5" />
              </lcSequenceOption>
              <lcSequenceOption>
                <lcAnswerOptionContent>
                  <description>
                    <para>
										Apply the glue.
									</para>
                  </description>
                </lcAnswerOptionContent>
                <lcSequence lcName="lcSequence" lcValue="6" />
              </lcSequenceOption>
              <lcSequenceOption>
                <lcAnswerOptionContent>
                  <description>
                    <para>
										Reinstall the tube.
									</para>
                  </description>
                </lcAnswerOptionContent>
                <lcSequence lcName="lcSequence" lcValue="7" />
              </lcSequenceOption>
              <lcSequenceOption>
                <lcAnswerOptionContent>
                  <description>
                    <para>
										Reinstall the tire.
									</para>
                  </description>
                </lcAnswerOptionContent>
                <lcSequence lcName="lcSequence" lcValue="8" />
              </lcSequenceOption>
            </lcSequenceOptionGroup>
          </lcSequencing>
        </lcInteraction>
        <lcInteraction>
          <lcSingleSelect>
            <title />
            <lcQuestion>
              <description>
                <para>Select your answer, and then click NEXT.</para>
                <para>What tool would you use to remove a bike horn?</para>
              </description>
            </lcQuestion>
            <lcAnswerOptionGroup>
              <lcAnswerOption>
                <lcAnswerOptionContent>
                  <description>
                    <para>
										Phillips head screwdriver
									</para>
                  </description>
                </lcAnswerOptionContent>
              </lcAnswerOption>
              <lcAnswerOption>
                <lcAnswerOptionContent>
                  <description>
                    <para>
										Standard head screwdriver
									</para>
                  </description>
                </lcAnswerOptionContent>
              </lcAnswerOption>
              <lcAnswerOption>
                <lcAnswerOptionContent>
                  <description>
                    <para>
										4mm Allen wrench
									</para>
                  </description>
                </lcAnswerOptionContent>
              </lcAnswerOption>
              <lcAnswerOption>
                <lcAnswerOptionContent>
                  <description>
                    <para>
										8mm Allen wrench
									</para>
                  </description>
                </lcAnswerOptionContent>
                <lcCorrectResponse lcName="lcCorrectResponse" />
              </lcAnswerOption>
            </lcAnswerOptionGroup>
          </lcSingleSelect>
        </lcInteraction>
        <lcInteraction>
          <lcMultipleSelect>
            <title />
            <lcQuestion>
              <description>
                <para>Select all answers that apply, and then click NEXT.</para>
                <para>When conducting a pre-ride inspection, what are some things you should be looking for?</para>
              </description>
            </lcQuestion>
            <lcAnswerOptionGroup>
              <lcAnswerOption>
                <lcAnswerOptionContent>
                  <description>
                    <para>
										Malfunctioning horn
									</para>
                  </description>
                </lcAnswerOptionContent>
              </lcAnswerOption>
              <lcAnswerOption>
                <lcAnswerOptionContent>
                  <description>
                    <para>
										Loose spokes
									</para>
                  </description>
                </lcAnswerOptionContent>
                <lcCorrectResponse lcName="lcCorrectResponse" />
              </lcAnswerOption>
              <lcAnswerOption>
                <lcAnswerOptionContent>
                  <description>
                    <para>
										Frozen or tight chain links
									</para>
                  </description>
                </lcAnswerOptionContent>
                <lcCorrectResponse lcName="lcCorrectResponse" />
              </lcAnswerOption>
              <lcAnswerOption>
                <lcAnswerOptionContent>
                  <description>
                    <para>Tight headset bearings</para>
                  </description>
                </lcAnswerOptionContent>
                <lcCorrectResponse lcName="lcCorrectResponse" />
              </lcAnswerOption>
            </lcAnswerOptionGroup>
          </lcMultipleSelect>
        </lcInteraction>
        <lcInteraction>
          <lcMultipleSelect>
            <title />
            <lcQuestion>
              <description>
                <para>Select all answers that apply, and then click NEXT.</para>
                <para>To clean your bike's brake pads, use:</para>
              </description>
            </lcQuestion>
            <lcAnswerOptionGroup>
              <lcAnswerOption>
                <lcAnswerOptionContent>
                  <description>
                    <para>
										Ammonia
									</para>
                  </description>
                </lcAnswerOptionContent>
              </lcAnswerOption>
              <lcAnswerOption>
                <lcAnswerOptionContent>
                  <description>
                    <para>
										Scrubbing pad
									</para>
                  </description>
                </lcAnswerOptionContent>
                <lcCorrectResponse lcName="lcCorrectResponse" />
              </lcAnswerOption>
              <lcAnswerOption>
                <lcAnswerOptionContent>
                  <description>
                    <para>
										Rubbing alcohol
									</para>
                  </description>
                </lcAnswerOptionContent>
                <lcCorrectResponse lcName="lcCorrectResponse" />
              </lcAnswerOption>
              <lcAnswerOption>
                <lcAnswerOptionContent>
                  <description>
                    <para>
										Steel wool
									</para>
                  </description>
                </lcAnswerOptionContent>
              </lcAnswerOption>
            </lcAnswerOptionGroup>
          </lcMultipleSelect>
        </lcInteraction>
        <lcInteraction>
          <lcSingleSelect>
            <title />
            <lcQuestion>
              <description>
                <para>Select your answer, and then click NEXT.</para>
                <para>Once you have cleaned and dried the chain, you will need to apply __________.</para>
              </description>
            </lcQuestion>
            <lcAnswerOptionGroup>
              <lcAnswerOption>
                <lcAnswerOptionContent>
                  <description>
                    <para>
										Lubricant
									</para>
                  </description>
                </lcAnswerOptionContent>
                <lcCorrectResponse lcName="lcCorrectResponse" />
              </lcAnswerOption>
              <lcAnswerOption>
                <lcAnswerOptionContent>
                  <description>
                    <para>
										Degreaser
									</para>
                  </description>
                </lcAnswerOptionContent>
              </lcAnswerOption>
              <lcAnswerOption>
                <lcAnswerOptionContent>
                  <description>
                    <para>
										Rubbing alcohol
									</para>
                  </description>
                </lcAnswerOptionContent>
              </lcAnswerOption>
              <lcAnswerOption>
                <lcAnswerOptionContent>
                  <description>
                    <para>
										Water
									</para>
                  </description>
                </lcAnswerOptionContent>
              </lcAnswerOption>
            </lcAnswerOptionGroup>
          </lcSingleSelect>
        </lcInteraction>
        <lcInteraction>
          <lcMultipleSelect>
            <title />
            <lcQuestion>
              <description>
                <para>Select all answers that apply, and then click NEXT.</para>
                <para>Which of the following bike parts require lubrication?</para>
              </description>
            </lcQuestion>
            <lcAnswerOptionGroup>
              <lcAnswerOption>
                <lcAnswerOptionContent>
                  <description>
                    <para>
										Brake-lever pivots
									</para>
                  </description>
                </lcAnswerOptionContent>
                <lcCorrectResponse lcName="lcCorrectResponse" />
              </lcAnswerOption>
              <lcAnswerOption>
                <lcAnswerOptionContent>
                  <description>
                    <para>
										Gear sprockets
									</para>
                  </description>
                </lcAnswerOptionContent>
                <lcCorrectResponse lcName="lcCorrectResponse" />
              </lcAnswerOption>
              <lcAnswerOption>
                <lcAnswerOptionContent>
                  <description>
                    <para>
										Derailleur pivots
									</para>
                  </description>
                </lcAnswerOptionContent>
                <lcCorrectResponse lcName="lcCorrectResponse" />
              </lcAnswerOption>
              <lcAnswerOption>
                <lcAnswerOptionContent>
                  <description>
                    <para>
										Stem
									</para>
                  </description>
                </lcAnswerOptionContent>
              </lcAnswerOption>
            </lcAnswerOptionGroup>
          </lcMultipleSelect>
        </lcInteraction>
      </learningAssessment>
    </learning>
  </content>
</dmodule>
