<?xml version="1.0" encoding="UTF-8"?>
<?xml-stylesheet type='text/xsl' href='app/s1000d_4.xslt'
?><!DOCTYPE dmodule [
  <!NOTATION JPEG SYSTEM 'Joint Photographic Experts Group'>
  <!ENTITY ICN-S1000DBIKE-AAA-DA23000-A-06RT9-00019-A-001-01 SYSTEM 'media/ICN-S1000DBIKE-AAA-DA23000-A-06RT9-00019-A-001-01.jpg' NDATA JPEG>
]>
<dmodule xmlns:dc="http://www.purl.org/dc/elements/1.1/" xmlns:rdf="http://www.w3.org/1999/02/22-rdf-syntax-ns#" xmlns:xlink="http://www.w3.org/1999/xlink" xmlns:xsi="http://www.w3.org/2001/XMLSchema-instance" xsi:noNamespaceSchemaLocation="http://www.s1000d.org/S1000D_4-0/xml_schema_flat/learning.xsd">
  <rdf:Description>
    <dc:creator>06RT9</dc:creator>
    <dc:title>Headset - Remove Procedures: Static content - Procedure Expositive</dc:title>
    <dc:subject>Headset - Remove Procedures: Static content - Procedure Expositive</dc:subject>
    <dc:publisher>06RT9</dc:publisher>
    <dc:contributor>06RT9</dc:contributor>
    <dc:date>2009-07-30</dc:date>
    <dc:type>text</dc:type>
    <dc:format>text/xml</dc:format>
    <dc:identifier>S1000DBIKE-AAA-DA2-30-00-00AA-520A-A-T45C_001-00</dc:identifier>
    <dc:language>en-US</dc:language>
    <dc:rights>01_cc51</dc:rights>
  </rdf:Description>
  <identAndStatusSection>
    <dmAddress>
      <dmIdent>
        <dmCode modelIdentCode="S1000DBIKE" systemDiffCode="AAA" systemCode="DA2" subSystemCode="3" subSubSystemCode="0" assyCode="00" disassyCode="00" disassyCodeVariant="AA" infoCode="520" infoCodeVariant="A" itemLocationCode="A" learnCode="T45" learnEventCode="C" />
        <language countryIsoCode="US" languageIsoCode="en" />
        <issueInfo issueNumber="001" inWork="00" />
      </dmIdent>
      <dmAddressItems>
        <issueDate year="2009" month="07" day="30" />
        <dmTitle>
          <techName>Headset</techName>
          <infoName>Remove Procedures: Static content - Procedure Expositive</infoName>
        </dmTitle>
      </dmAddressItems>
    </dmAddress>
    <dmStatus>
      <security securityClassification="01" />
      <responsiblePartnerCompany enterpriseCode="06RT9" />
      <originator />
      <applic>
        <displayText />
      </applic>
      <brexDmRef>
        <dmRef>
          <dmRefIdent>
            <dmCode modelIdentCode="S1000D" systemDiffCode="A" systemCode="04" subSystemCode="1" subSubSystemCode="0" assyCode="0301" disassyCode="00" disassyCodeVariant="A" infoCode="022" infoCodeVariant="A" itemLocationCode="D" />
            <issueInfo issueNumber="005" inWork="00" />
            <language languageIsoCode="en" countryIsoCode="US" />
          </dmRefIdent>
        </dmRef>
      </brexDmRef>
      <qualityAssurance>
        <unverified />
      </qualityAssurance>
      <systemBreakdownCode>DA230</systemBreakdownCode>
    </dmStatus>
  </identAndStatusSection>
  <content>
    <learning>
      <learningContent id="learncont-e5f74b1a-a2df-459a-9e5b-67da8b98d727">
        <title>Removing the Headset</title>
        <lcInstruction id="lci-1af4b781-d878-4377-9468-3cc6060bcc2c">
          <description>
            <figure>
              <title />
              <graphic infoEntityIdent="ICN-S1000DBIKE-AAA-DA23000-A-06RT9-00019-A-001-01" />
            </figure>
            <para>
				  When removing the headset, you will need to remove the stem (refer to <dmRef xlink:type="simple" xlink:actuate="onRequest" xlink:show="new" xlink:href="URN:S1000D:DMC-S1000DBIKE-AAA-DA2-10-00-00AA-520A-T-T45-C_001-00"><dmRefIdent><dmCode modelIdentCode="S1000DBIKE" systemDiffCode="AAA" systemCode="DA2" subSystemCode="1" subSubSystemCode="0" assyCode="00" disassyCode="00" disassyCodeVariant="AA" infoCode="520" infoCodeVariant="A" itemLocationCode="A" learnCode="T45" learnEventCode="C" /></dmRefIdent><dmRefAddressItems><dmTitle><techName>Stem</techName><infoName>Remove procedures</infoName></dmTitle></dmRefAddressItems><behavior linkShow="newPane" linkActuate="onRequest" /></dmRef>
				  ).
			  </para>
            <para>It is not necessary, however, to remove the handlebar from the stem when removing the headset.</para>
            <para>In order to remove the headset, you will remove the following: </para>
            <para>
              <randomList>
                <listItem>
                  <para>Spacers</para>
                </listItem>
                <listItem>
                  <para>Brake cable hangar</para>
                </listItem>
                <listItem>
                  <para>Dust seals</para>
                </listItem>
                <listItem>
                  <para>Conical expansion washer(s) from the steerer tube</para>
                </listItem>
                <listItem>
                  <para>Lift the upper bearing cup off, and then remove the fork from the frame.</para>
                </listItem>
              </randomList>
            </para>
          </description>
        </lcInstruction>
      </learningContent>
    </learning>
  </content>
</dmodule>
