<?xml version="1.0" encoding="UTF-8"?>
<?xml-stylesheet type='text/xsl' href='app/s1000d_4.xslt'
?><!DOCTYPE dmodule [
  <!NOTATION JPEG SYSTEM 'Joint Photographic Experts Group'>
  <!ENTITY ICN-S1000DBIKE-AAA-DA20000-A-06RT9-00030-A-001-01 SYSTEM 'media/ICN-S1000DBIKE-AAA-DA20000-A-06RT9-00030-A-001-01.jpg' NDATA JPEG>
]>
<dmodule xmlns:dc="http://www.purl.org/dc/elements/1.1/" xmlns:rdf="http://www.w3.org/1999/02/22-rdf-syntax-ns#" xmlns:xlink="http://www.w3.org/1999/xlink" xmlns:xsi="http://www.w3.org/2001/XMLSchema-instance" xsi:noNamespaceSchemaLocation="http://www.s1000d.org/S1000D_4-0/xml_schema_flat/learning.xsd">
  <rdf:Description>
    <dc:creator>06RT9</dc:creator>
    <dc:title>Steering - Description of how it is made: Knowledge Check</dc:title>
    <dc:subject>Steering - Description of how it is made: Knowledge Check</dc:subject>
    <dc:publisher>06RT9</dc:publisher>
    <dc:contributor>06RT9</dc:contributor>
    <dc:date>2009-07-30</dc:date>
    <dc:type>text</dc:type>
    <dc:format>text/xml</dc:format>
    <dc:identifier>S1000DBIKE-AAA-DA2-00-00-00AA-041A-A-T71E_001-00</dc:identifier>
    <dc:language>en-US</dc:language>
    <dc:rights>01_cc51</dc:rights>
  </rdf:Description>
  <identAndStatusSection>
    <dmAddress>
      <dmIdent>
        <dmCode modelIdentCode="S1000DBIKE" systemDiffCode="AAA" systemCode="DA2" subSystemCode="0" subSubSystemCode="0" assyCode="00" disassyCode="00" disassyCodeVariant="AA" infoCode="041" infoCodeVariant="A" itemLocationCode="A" learnCode="T71" learnEventCode="E" />
        <language countryIsoCode="US" languageIsoCode="en" />
        <issueInfo issueNumber="001" inWork="00" />
      </dmIdent>
      <dmAddressItems>
        <issueDate year="2009" month="07" day="30" />
        <dmTitle>
          <techName>Steering</techName>
          <infoName>Description of how it is made: Knowledge Check</infoName>
        </dmTitle>
      </dmAddressItems>
    </dmAddress>
    <dmStatus>
      <security securityClassification="01" />
      <responsiblePartnerCompany enterpriseCode="06RT9" />
      <originator />
      <applic>
        <displayText />
      </applic>
      <brexDmRef>
        <dmRef>
          <dmRefIdent>
            <dmCode modelIdentCode="S1000D" systemDiffCode="A" systemCode="04" subSystemCode="1" subSubSystemCode="0" assyCode="0301" disassyCode="00" disassyCodeVariant="A" infoCode="022" infoCodeVariant="A" itemLocationCode="D" />
            <issueInfo issueNumber="005" inWork="00" />
            <language languageIsoCode="en" countryIsoCode="US" />
          </dmRefIdent>
        </dmRef>
      </brexDmRef>
      <qualityAssurance>
        <unverified />
      </qualityAssurance>
      <systemBreakdownCode>DA200</systemBreakdownCode>
    </dmStatus>
  </identAndStatusSection>
  <content>
    <learning>
      <learningAssessment>
        <title>Knowledge Check</title>
        <lcInteraction>
          <lcHotspot id="hotspotsAssessment001">
            <title />
            <lcQuestion>
              <description>
                <para>Identify the headset by clicking on it in the image.</para>
              </description>
            </lcQuestion>
            <lcHotspotMap>
              <figure>
                <title />
                <graphic id="hotspotsAssessments001" infoEntityIdent="ICN-S1000DBIKE-AAA-DA20000-A-06RT9-00030-A-001-01" reproductionHeight="400" reproductionWidth="400">
                  <hotspot id="hotspot001" objectCoordinates="150,90,180,90,150,170,180,170">
                    <lcCorrectResponse lcName="hotspot001" />
                    <lcFeedbackCorrect>
                      <description>
                        <para>Correct!</para>
                      </description>
                    </lcFeedbackCorrect>
                  </hotspot>
                  <hotspot id="hotspot002" objectCoordinates="200,180,230,180,200,380,230,380">
                    <lcFeedbackIncorrect>
                      <description>
                        <para>Incorrect. The correct answer is highlighted.</para>
                      </description>
                    </lcFeedbackIncorrect>
                  </hotspot>
                  <hotspot id="hotspot003" objectCoordinates="120,50,190,50,120,100,190,100">
                    <lcFeedbackIncorrect>
                      <description>
                        <para>Incorrect. The correct answer is highlighted.</para>
                      </description>
                    </lcFeedbackIncorrect>
                  </hotspot>
                </graphic>
              </figure>
            </lcHotspotMap>
          </lcHotspot>
        </lcInteraction>
      </learningAssessment>
    </learning>
  </content>
</dmodule>
