<?xml version="1.0" encoding="UTF-8"?>
<?xml-stylesheet type='text/xsl' href='app/s1000d_4.xslt'
?><!DOCTYPE dmodule [
  <!NOTATION JPEG SYSTEM 'Joint Photographic Experts Group'>
  <!ENTITY ICN-S1000DBIKE-AAA-DA00000-A-06RT9-00081-A-001-01 SYSTEM 'media/ICN-S1000DBIKE-AAA-DA00000-A-06RT9-00081-A-001-01.jpg' NDATA JPEG>
  <!ENTITY ICN-S1000DBIKE-AAA-DA00000-A-06RT9-00083-A-001-01 SYSTEM 'media/ICN-S1000DBIKE-AAA-DA00000-A-06RT9-00083-A-001-01.jpg' NDATA JPEG>
  <!ENTITY ICN-S1000DBIKE-AAA-DA00000-A-06RT9-00082-A-001-01 SYSTEM 'media/ICN-S1000DBIKE-AAA-DA00000-A-06RT9-00082-A-001-01.jpg' NDATA JPEG>
]>
<dmodule xmlns:dc="http://www.purl.org/dc/elements/1.1/" xmlns:rdf="http://www.w3.org/1999/02/22-rdf-syntax-ns#" xmlns:xlink="http://www.w3.org/1999/xlink" xmlns:xsi="http://www.w3.org/2001/XMLSchema-instance" xsi:noNamespaceSchemaLocation="http://www.s1000d.org/S1000D_4-0/xml_schema_flat/learning.xsd">
  <rdf:Description>
    <dc:creator>06RT9</dc:creator>
    <dc:title>Wheels - Description of how it is made: Static content - Fact Expositive</dc:title>
    <dc:subject>Wheels - Description of how it is made: Static content - Fact Expositive</dc:subject>
    <dc:publisher>06RT9</dc:publisher>
    <dc:contributor>06RT9</dc:contributor>
    <dc:date>2009-10-02</dc:date>
    <dc:type>text</dc:type>
    <dc:format>text/xml</dc:format>
    <dc:identifier>S1000DBIKE-AAA-DA0-00-00-00AA-041A-A-T42C_001-00</dc:identifier>
    <dc:language>en-US</dc:language>
    <dc:rights>01_cc51</dc:rights>
  </rdf:Description>
  <identAndStatusSection>
    <dmAddress>
      <dmIdent>
        <dmCode modelIdentCode="S1000DBIKE" systemDiffCode="AAA" systemCode="DA0" subSystemCode="0" subSubSystemCode="0" assyCode="00" disassyCode="00" disassyCodeVariant="AA" infoCode="041" infoCodeVariant="A" itemLocationCode="A" learnCode="T42" learnEventCode="C" />
        <language countryIsoCode="US" languageIsoCode="en" />
        <issueInfo issueNumber="001" inWork="00" />
      </dmIdent>
      <dmAddressItems>
        <issueDate year="2009" month="10" day="02" />
        <dmTitle>
          <techName>Wheels</techName>
          <infoName>Description of how it is made: Static content - Fact Expositive</infoName>
        </dmTitle>
      </dmAddressItems>
    </dmAddress>
    <dmStatus>
      <security securityClassification="01" />
      <responsiblePartnerCompany enterpriseCode="06RT9" />
      <originator />
      <applic>
        <displayText />
      </applic>
      <brexDmRef>
        <dmRef>
          <dmRefIdent>
            <dmCode modelIdentCode="S1000D" systemDiffCode="A" systemCode="04" subSystemCode="1" subSubSystemCode="0" assyCode="0301" disassyCode="00" disassyCodeVariant="A" infoCode="022" infoCodeVariant="A" itemLocationCode="D" />
            <issueInfo issueNumber="005" inWork="00" />
            <language languageIsoCode="en" countryIsoCode="US" />
          </dmRefIdent>
        </dmRef>
      </brexDmRef>
      <qualityAssurance>
        <unverified />
      </qualityAssurance>
      <systemBreakdownCode>DA000</systemBreakdownCode>
    </dmStatus>
  </identAndStatusSection>
  <content>
    <learning>
      <learningContent>
        <title>Tires, Tubes, and Rims</title>
        <lcInstruction>
          <description>
            <para>Bike tires come in a variety of sizes. The type of tire installed on a bike depends on how the bike is used. For example, you would not install road racing tires on a mountain bike. Road racing bikes use tires that are light-weight and aerodynamic, whereas mountain bike tires are chunkier and reinforced for greater durability for those off-road treks.
				  </para>
            <para>Generally, tires have markings on the sidewalls that indicate the correct direction of rotation. These markings also specify the correct direction for installation on the wheel rim.</para>
            <figure>
              <title />
              <graphic infoEntityIdent="ICN-S1000DBIKE-AAA-DA00000-A-06RT9-00081-A-001-01" />
            </figure>
            <para>Today, most wheel rims are made of metal. They are shaped into a hoop to accommodate the bike's tubes and tires. The inner part of the rim may have spoke holes; if this is the case, the rim will need a lining of rim tape. Rim tape is usually made of rubber, cloth, or tough plastic. This tape protects the tube from damage.</para>
            <figure>
              <title />
              <graphic infoEntityIdent="ICN-S1000DBIKE-AAA-DA00000-A-06RT9-00083-A-001-01" />
            </figure>
            <para>Bike tires may or may not require a tube. Bike tubes are fitted into the tires before they are inflated. Attached to the tube is a valve that fits through a hole in the wheel rim. This valve is used to inflate the tube and the tire to the correct pressure. On the valve is a dust cap that is used to prevent damage caused by dust and debris.
				  </para>
            <figure>
              <title />
              <graphic infoEntityIdent="ICN-S1000DBIKE-AAA-DA00000-A-06RT9-00082-A-001-01" />
            </figure>
          </description>
        </lcInstruction>
      </learningContent>
    </learning>
  </content>
</dmodule>
