<?xml version="1.0" encoding="UTF-8"?>
<?xml-stylesheet type='text/xsl' href='app/s1000d_4.xslt'
?><!DOCTYPE dmodule [
  <!NOTATION JPEG SYSTEM 'Joint Photographic Experts Group'>
  <!NOTATION SWF SYSTEM "http://www.macromedia.com/software/flash">
  <!ENTITY ICN-S1000DBIKE-AAA-DA00000-A-06RT9-00094-A-001-01 SYSTEM 'media/ICN-S1000DBIKE-AAA-DA00000-A-06RT9-00094-A-001-01.swf' NDATA SWF>
  <!ENTITY ICN-S1000DBIKE-AAA-DA00000-A-06RT9-00110-A-001-01 SYSTEM 'media/ICN-S1000DBIKE-AAA-DA00000-A-06RT9-00110-A-001-01.jpg' NDATA JPEG>
  <!ENTITY ICN-S1000DBIKE-AAA-DA00000-A-06RT9-00111-A-001-01 SYSTEM 'media/ICN-S1000DBIKE-AAA-DA00000-A-06RT9-00111-A-001-01.jpg' NDATA JPEG>
  <!ENTITY ICN-S1000DBIKE-AAA-DA00000-A-06RT9-00112-A-001-01 SYSTEM 'media/ICN-S1000DBIKE-AAA-DA00000-A-06RT9-00112-A-001-01.jpg' NDATA JPEG>
  <!ENTITY ICN-S1000DBIKE-AAA-DA00000-A-06RT9-00122-A-001-01 SYSTEM 'media/ICN-S1000DBIKE-AAA-DA00000-A-06RT9-00122-A-001-01.jpg' NDATA JPEG>
  <!ENTITY ICN-S1000DBIKE-AAA-DA00000-A-06RT9-00123-A-001-01 SYSTEM 'media/ICN-S1000DBIKE-AAA-DA00000-A-06RT9-00123-A-001-01.jpg' NDATA JPEG>
]>
<dmodule xmlns:dc="http://www.purl.org/dc/elements/1.1/" xmlns:rdf="http://www.w3.org/1999/02/22-rdf-syntax-ns#" xmlns:xlink="http://www.w3.org/1999/xlink" xmlns:xsi="http://www.w3.org/2001/XMLSchema-instance" xsi:noNamespaceSchemaLocation="http://www.s1000d.org/S1000D_4-0/xml_schema_flat/learning.xsd">
  <rdf:Description>
    <dc:creator>06RT9</dc:creator>
    <dc:title>Rear wheel - Remove procedures: Interactive content - Procedure</dc:title>
    <dc:subject>Rear wheel - Remove procedures: Interactive content - Procedure</dc:subject>
    <dc:publisher>06RT9</dc:publisher>
    <dc:contributor>06RT9</dc:contributor>
    <dc:date>2009-10-02</dc:date>
    <dc:type>text</dc:type>
    <dc:format>text/xml</dc:format>
    <dc:identifier>S1000DBIKE-AAA-DA0-20-00-00AA-520A-A-T4JC_001-00</dc:identifier>
    <dc:language>en-US</dc:language>
    <dc:rights>01_cc51</dc:rights>
  </rdf:Description>
  <identAndStatusSection>
    <dmAddress>
      <dmIdent>
        <dmCode modelIdentCode="S1000DBIKE" systemDiffCode="AAA" systemCode="DA0" subSystemCode="2" subSubSystemCode="0" assyCode="00" disassyCode="00" disassyCodeVariant="AA" infoCode="520" infoCodeVariant="A" itemLocationCode="A" learnCode="T4J" learnEventCode="C" />
        <language countryIsoCode="US" languageIsoCode="en" />
        <issueInfo issueNumber="001" inWork="00" />
      </dmIdent>
      <dmAddressItems>
        <issueDate year="2009" month="10" day="02" />
        <dmTitle>
          <techName>Rear wheel</techName>
          <infoName>Remove procedures: Interactive content - Procedure</infoName>
        </dmTitle>
      </dmAddressItems>
    </dmAddress>
    <dmStatus>
      <security securityClassification="01" />
      <responsiblePartnerCompany enterpriseCode="06RT9" />
      <originator />
      <applic>
        <displayText />
      </applic>
      <brexDmRef>
        <dmRef>
          <dmRefIdent>
            <dmCode modelIdentCode="S1000D" systemDiffCode="A" systemCode="04" subSystemCode="1" subSubSystemCode="0" assyCode="0301" disassyCode="00" disassyCodeVariant="A" infoCode="022" infoCodeVariant="A" itemLocationCode="D" />
            <issueInfo issueNumber="005" inWork="00" />
            <language languageIsoCode="en" countryIsoCode="US" />
          </dmRefIdent>
        </dmRef>
      </brexDmRef>
      <qualityAssurance>
        <unverified />
      </qualityAssurance>
      <systemBreakdownCode>DA020</systemBreakdownCode>
    </dmStatus>
  </identAndStatusSection>
  <content>
    <learning>
      <learningContent>
        <title>Rear Wheel Removal</title>
        <lcInstruction>
          <description>
            <figure>
              <title />
              <graphic infoEntityIdent="ICN-S1000DBIKE-AAA-DA00000-A-06RT9-00094-A-001-01" />
            </figure>
            <levelledPara>
              <levelledPara id="levelledPara-001">
                <para>
						  There will probably come a time when you will need to remove your bike's rear wheel. If possible, place the bike on a bike stand. If you do not have a bike stand, you can turn the bike upside down. Make sure it is stable before you begin.
					  </para>
                <para>Release the brake or deflate the tire so that the tire will move freely and not bump the brake pads.</para>
                <figure>
                  <title />
                  <graphic infoEntityIdent="ICN-S1000DBIKE-AAA-DA00000-A-06RT9-00110-A-001-01" />
                </figure>
              </levelledPara>
              <levelledPara id="levelledPara-002">
                <para>Shift the bike gear onto the smallest cog and smallest ring. This will make removing the wheel easier.</para>
                <figure>
                  <title />
                  <graphic infoEntityIdent="ICN-S1000DBIKE-AAA-DA00000-A-06RT9-00111-A-001-01" />
                </figure>
              </levelledPara>
              <levelledPara id="levelledPara-003">
                <para>Open the quick release, and loosen the nut on the opposite side of the wheel.</para>
                <figure>
                  <title />
                  <graphic infoEntityIdent="ICN-S1000DBIKE-AAA-DA00000-A-06RT9-00112-A-001-01" />
                </figure>
              </levelledPara>
              <levelledPara id="levelledPara-004">
                <para>If necessary, move the rear derailleur out of the way.</para>
                <figure>
                  <title />
                  <graphic infoEntityIdent="ICN-S1000DBIKE-AAA-DA00000-A-06RT9-00122-A-001-01" />
                </figure>
              </levelledPara>
              <levelledPara id="levelledPara-005">
                <para>Remove the wheel.</para>
                <figure>
                  <title />
                  <graphic infoEntityIdent="ICN-S1000DBIKE-AAA-DA00000-A-06RT9-00123-A-001-01" />
                </figure>
              </levelledPara>
            </levelledPara>
            <para>
              <emphasis>Use the arrows to view the slide show.</emphasis>
            </para>
          </description>
        </lcInstruction>
      </learningContent>
    </learning>
  </content>
</dmodule>
