<?xml version="1.0" encoding="UTF-8"?>
<?xml-stylesheet type='text/xsl' href='app/s1000d_4.xslt'
?><!DOCTYPE dmodule [
  <!NOTATION JPEG SYSTEM 'Joint Photographic Experts Group'>
  <!ENTITY ICN-S1000DBIKE-AAA-D000000-A-06RT9-00175-A-001-01 SYSTEM 'media/ICN-S1000DBIKE-AAA-D000000-A-06RT9-00175-A-001-01.jpg' NDATA JPEG>
]>
<dmodule xmlns:dc="http://www.purl.org/dc/elements/1.1/" xmlns:rdf="http://www.w3.org/1999/02/22-rdf-syntax-ns#" xmlns:xlink="http://www.w3.org/1999/xlink" xmlns:xsi="http://www.w3.org/2001/XMLSchema-instance" xsi:noNamespaceSchemaLocation="http://www.s1000d.org/S1000D_4-0/xml_schema_flat/learning.xsd">
  <rdf:Description>
    <dc:creator>06RT9</dc:creator>
    <dc:title>Bicycle - Operation:  Prerequisite concept review</dc:title>
    <dc:subject>Bicycle - Operation:  Prerequisite concept review</dc:subject>
    <dc:publisher>06RT9</dc:publisher>
    <dc:contributor>06RT9</dc:contributor>
    <dc:date>2009-10-19</dc:date>
    <dc:type>text</dc:type>
    <dc:format>text/xml</dc:format>
    <dc:identifier>S1000DBIKE-AAA-D00-00-00-00AA-100A-A-T36C_001-00</dc:identifier>
    <dc:language>en-US</dc:language>
    <dc:rights>01_cc51</dc:rights>
  </rdf:Description>
  <identAndStatusSection>
    <dmAddress>
      <dmIdent>
        <dmCode modelIdentCode="S1000DBIKE" systemDiffCode="AAA" systemCode="D00" subSystemCode="0" subSubSystemCode="0" assyCode="00" disassyCode="00" disassyCodeVariant="AA" infoCode="100" infoCodeVariant="A" itemLocationCode="A" learnCode="T36" learnEventCode="C" />
        <language countryIsoCode="US" languageIsoCode="en" />
        <issueInfo issueNumber="001" inWork="00" />
      </dmIdent>
      <dmAddressItems>
        <issueDate year="2009" month="10" day="19" />
        <dmTitle>
          <techName>Bicycle</techName>
          <infoName>Operation:  Prerequisite concept review</infoName>
        </dmTitle>
      </dmAddressItems>
    </dmAddress>
    <dmStatus>
      <security securityClassification="01" />
      <responsiblePartnerCompany enterpriseCode="06RT9" />
      <originator />
      <applic>
        <displayText />
      </applic>
      <brexDmRef>
        <dmRef>
          <dmRefIdent>
            <dmCode modelIdentCode="S1000D" systemDiffCode="A" systemCode="04" subSystemCode="1" subSubSystemCode="0" assyCode="0301" disassyCode="00" disassyCodeVariant="A" infoCode="022" infoCodeVariant="A" itemLocationCode="D" />
            <issueInfo issueNumber="005" inWork="00" />
            <language languageIsoCode="en" countryIsoCode="US" />
          </dmRefIdent>
        </dmRef>
      </brexDmRef>
      <qualityAssurance>
        <unverified />
      </qualityAssurance>
      <systemBreakdownCode>D0000</systemBreakdownCode>
    </dmStatus>
  </identAndStatusSection>
  <content>
    <learning>
      <learningContent>
        <title>Summary</title>
        <lcInstruction>
          <description>
            <figure>
              <title />
              <graphic infoEntityIdent="ICN-S1000DBIKE-AAA-D000000-A-06RT9-00175-A-001-01" />
            </figure>
            <para>Following a few pre- and post-operation procedures is important for your safety and to keep your bike in good working order. Now if you are like most riders, when it's time to ride, you just want to ride. You don't want to fool with checking this and that on the bike. You should, however, strive to make it a habit to quickly check your bike's brakes, wheels and tires, and chain. By checking your bike in those areas where there are common mechanical failures, you will be taking steps to ensure your safety each time you ride.</para>
            <para>After your ride, quickly check your bike's brakes, wheels and tires, and chain again. Once you have determined that everything is still working well, you may want to clean and lubricate your bike. Remember, a clean bike is easier to maintain, is smoother to operate, and will last longer.   </para>
            <para>Now that you have completed this topic, you should be able to perform bike pre- and post-operation procedures.</para>
          </description>
        </lcInstruction>
      </learningContent>
    </learning>
  </content>
</dmodule>
