<?xml version="1.0" encoding="UTF-8"?>
<!DOCTYPE dmodule>
<dmodule xmlns:dc="http://www.purl.org/dc/elements/1.1/" xmlns:rdf="http://www.w3.org/1999/02/22-rdf-syntax-ns#" xmlns:xlink="http://www.w3.org/1999/xlink" xmlns:xsi="http://www.w3.org/2001/XMLSchema-instance" xsi:noNamespaceSchemaLocation="http://www.s1000d.org/S1000D_4-0/xml_schema_flat/learning.xsd">
  <rdf:Description>
    <dc:creator>06RT9</dc:creator>
    <dc:title>Brake system - Visual examination: Knowledge Check</dc:title>
    <dc:subject>Brake system - Visual examination: Knowledge Check</dc:subject>
    <dc:publisher>06RT9</dc:publisher>
    <dc:contributor>06RT9</dc:contributor>
    <dc:date>2009-10-19</dc:date>
    <dc:type>text</dc:type>
    <dc:format>text/xml</dc:format>
    <dc:identifier>S1000DBIKE-AAA-DA1-00-00-00AA-310A-A-T62E_001-00</dc:identifier>
    <dc:language>en-US</dc:language>
    <dc:rights>01_cc51</dc:rights>
  </rdf:Description>
  <identAndStatusSection>
    <dmAddress>
      <dmIdent>
        <dmCode modelIdentCode="S1000DBIKE" systemDiffCode="AAA" systemCode="DA1" subSystemCode="0" subSubSystemCode="0" assyCode="00" disassyCode="00" disassyCodeVariant="AA" infoCode="310" infoCodeVariant="A" itemLocationCode="A" learnCode="T62" learnEventCode="E" />
        <language countryIsoCode="US" languageIsoCode="en" />
        <issueInfo issueNumber="001" inWork="00" />
      </dmIdent>
      <dmAddressItems>
        <issueDate year="2009" month="10" day="19" />
        <dmTitle>
          <techName>Brake system</techName>
          <infoName>Visual examination: Knowledge Check</infoName>
        </dmTitle>
      </dmAddressItems>
    </dmAddress>
    <dmStatus>
      <security securityClassification="01" />
      <responsiblePartnerCompany enterpriseCode="06RT9" />
      <originator />
      <applic>
        <displayText />
      </applic>
      <brexDmRef>
        <dmRef>
          <dmRefIdent>
            <dmCode modelIdentCode="S1000D" systemDiffCode="A" systemCode="04" subSystemCode="1" subSubSystemCode="0" assyCode="0301" disassyCode="00" disassyCodeVariant="A" infoCode="022" infoCodeVariant="A" itemLocationCode="D" />
            <issueInfo issueNumber="005" inWork="00" />
            <language languageIsoCode="en" countryIsoCode="US" />
          </dmRefIdent>
        </dmRef>
      </brexDmRef>
      <qualityAssurance>
        <unverified />
      </qualityAssurance>
      <systemBreakdownCode>DA100</systemBreakdownCode>
    </dmStatus>
  </identAndStatusSection>
  <content>
    <learning>
      <learningAssessment>
        <title>Knowledge Check</title>
        <lcInteraction>
          <lcSingleSelect>
            <title />
            <lcQuestion>
              <description>
                <para>Select your answer, and then click CHECK.</para>
                <para>How much space should there be between the brake lever and the handlebar when the lever is fully engaged?</para>
              </description>
            </lcQuestion>
            <lcAnswerOptionGroup>
              <lcAnswerOption>
                <lcAnswerOptionContent>
                  <description>
                    <para>
										At least 1/2 inch
									</para>
                  </description>
                </lcAnswerOptionContent>
              </lcAnswerOption>
              <lcAnswerOption>
                <lcAnswerOptionContent>
                  <description>
                    <para>
										At least 2 inches
									</para>
                  </description>
                </lcAnswerOptionContent>
              </lcAnswerOption>
              <lcAnswerOption>
                <lcAnswerOptionContent>
                  <description>
                    <para>
										At least 1 inch
									</para>
                  </description>
                </lcAnswerOptionContent>
                <lcCorrectResponse lcName="lcCorrectResponse" />
              </lcAnswerOption>
              <lcAnswerOption>
                <lcAnswerOptionContent>
                  <description>
                    <para>At least 1/4 inch</para>
                  </description>
                </lcAnswerOptionContent>
              </lcAnswerOption>
            </lcAnswerOptionGroup>
            <lcFeedbackIncorrect>
              <description>
                <para>Incorrect. The correct answer is at least 1 inch.</para>
              </description>
            </lcFeedbackIncorrect>
            <lcFeedbackCorrect>
              <description>
                <para>Correct!</para>
              </description>
            </lcFeedbackCorrect>
          </lcSingleSelect>
        </lcInteraction>
      </learningAssessment>
    </learning>
  </content>
</dmodule>
