<?xml version="1.0" encoding="UTF-8"?>
<!DOCTYPE dmodule [
  <!NOTATION JPEG SYSTEM 'Joint Photographic Experts Group'>
  <!ENTITY ICN-S1000DBIKE-AAA-DA50000-A-06RT9-00054-A-001-01 SYSTEM 'media/ICN-S1000DBIKE-AAA-DA50000-A-06RT9-00054-A-001-01.jpg' NDATA JPEG>
]>
<dmodule xmlns:dc="http://www.purl.org/dc/elements/1.1/" xmlns:rdf="http://www.w3.org/1999/02/22-rdf-syntax-ns#" xmlns:xlink="http://www.w3.org/1999/xlink" xmlns:xsi="http://www.w3.org/2001/XMLSchema-instance" xsi:noNamespaceSchemaLocation="http://www.s1000d.org/S1000D_4-0/xml_schema_flat/learning.xsd">
  <rdf:Description>
    <dc:creator>06RT9</dc:creator>
    <dc:title>Gears - Description of how it is made: Interactive content - Fact</dc:title>
    <dc:subject>Gears - Description of how it is made: Interactive content - Fact</dc:subject>
    <dc:publisher>06RT9</dc:publisher>
    <dc:contributor>06RT9</dc:contributor>
    <dc:date>2009-08-20</dc:date>
    <dc:type>text</dc:type>
    <dc:format>text/xml</dc:format>
    <dc:identifier>S1000DBIKE-AAA-DA5-00-00-00AA-041A-A-T4RC_001-00</dc:identifier>
    <dc:language>en-US</dc:language>
    <dc:rights>01_cc51</dc:rights>
  </rdf:Description>
  <identAndStatusSection>
    <dmAddress>
      <dmIdent>
        <dmCode modelIdentCode="S1000DBIKE" systemDiffCode="AAA" systemCode="DA5" subSystemCode="0" subSubSystemCode="0" assyCode="00" disassyCode="00" disassyCodeVariant="AA" infoCode="041" infoCodeVariant="A" itemLocationCode="A" learnCode="T4R" learnEventCode="C" />
        <language countryIsoCode="US" languageIsoCode="en" />
        <issueInfo issueNumber="001" inWork="00" />
      </dmIdent>
      <dmAddressItems>
        <issueDate year="2009" month="08" day="20" />
        <dmTitle>
          <techName>Gears</techName>
          <infoName>Description of how it is made: Interactive content - Fact</infoName>
        </dmTitle>
      </dmAddressItems>
    </dmAddress>
    <dmStatus>
      <security securityClassification="01" />
      <responsiblePartnerCompany enterpriseCode="06RT9" />
      <originator />
      <applic>
        <displayText />
      </applic>
      <brexDmRef>
        <dmRef>
          <dmRefIdent>
            <dmCode modelIdentCode="S1000D" systemDiffCode="A" systemCode="04" subSystemCode="1" subSubSystemCode="0" assyCode="0301" disassyCode="00" disassyCodeVariant="A" infoCode="022" infoCodeVariant="A" itemLocationCode="D" />
            <issueInfo issueNumber="005" inWork="00" />
            <language languageIsoCode="en" countryIsoCode="US" />
          </dmRefIdent>
        </dmRef>
      </brexDmRef>
      <qualityAssurance>
        <unverified />
      </qualityAssurance>
      <systemBreakdownCode>DA500</systemBreakdownCode>
    </dmStatus>
  </identAndStatusSection>
  <content>
    <learning>
      <learningContent id="learncont-a8f47714-49c0-437b-8d0a-c8238aeafbbc">
        <title>Gears - Description of how it is made</title>
        <lcInstruction>
          <description>
            <figure>
              <title />
              <graphic infoEntityIdent="ICN-S1000DBIKE-AAA-DA50000-A-06RT9-00054-A-001-01" reproductionWidth="730" reproductionHeight="500">
                <hotspot id="hs-0001" hotspotType="callout" objectCoordinates="0,0,315,0,0,300,315,300">
                  <internalRef internalRefId="deflistitem-001" />
                </hotspot>
                <hotspot id="hs-0002" hotspotType="callout" objectCoordinates="320,0,725,0,320,300,725,300">
                  <internalRef internalRefId="deflistitem-002" />
                </hotspot>
                <hotspot id="hs-0003" hotspotType="callout" objectCoordinates="0,300,300,725,0,500,725,500">
                  <internalRef internalRefId="deflistitem-003" />
                </hotspot>
              </graphic>
            </figure>
            <para>
							The purpose of a bike's gear system is to select gear ratios that will allow maximum efficiency and/or comfort for the rider. The gears let the rider crank the pedals at a constant movement on slopes of different angles.
						</para>
            <para>
              <definitionList id="deflist-001">
                <definitionListItem id="deflistitem-001">
                  <listItemTerm>Shifters</listItemTerm>
                  <listItemDefinition>
                    <para>Shifters are installed on the handlebar and allow the gears to be changed. They also operate the derailleurs.</para>
                  </listItemDefinition>
                </definitionListItem>
                <definitionListItem id="deflistitem-002">
                  <listItemTerm>Derailleurs</listItemTerm>
                  <listItemDefinition>
                    <para>The derailleurs are cable-actuated mechanisms that move the chain from the different sprockets.</para>
                  </listItemDefinition>
                </definitionListItem>
                <definitionListItem id="deflistitem-003">
                  <listItemTerm>Hubs</listItemTerm>
                  <listItemDefinition>
                    <para>The hub is the center of the wheel and contains the axle and bearings.</para>
                  </listItemDefinition>
                </definitionListItem>
              </definitionList>
            </para>
            <para>Modern bikes can have 27 gears or more. Mountain bikes use a set that includes: </para>
            <para>
              <randomList>
                <listItem>
                  <para>
										Three socket sprockets, or chain rings, of varying dimensions; small, medium, and large; at the front
									</para>
                </listItem>
                <listItem>
                  <para>
										Nine socket sprockets, or cassettes/cogs, of varying dimensions at the rear
									</para>
                </listItem>
              </randomList>
            </para>
            <para>These provide the gear ratios.</para>
            <para>
              <emphasis>Roll mouse over each image for more information.</emphasis>
            </para>
          </description>
        </lcInstruction>
      </learningContent>
    </learning>
  </content>
</dmodule>
