<?xml version="1.0" encoding="UTF-8"?>
<!DOCTYPE dmodule [
  <!NOTATION JPEG SYSTEM 'Joint Photographic Experts Group'>
  <!NOTATION SWF SYSTEM "http://www.macromedia.com/software/flash">
  <!ENTITY ICN-S1000DBIKE-AAA-DA00000-A-06RT9-00094-A-001-01 SYSTEM 'media/ICN-S1000DBIKE-AAA-DA00000-A-06RT9-00094-A-001-01.swf' NDATA SWF>
  <!ENTITY ICN-S1000DBIKE-AAA-DA10000-A-06RT9-00141-A-001-01 SYSTEM 'media/ICN-S1000DBIKE-AAA-DA10000-A-06RT9-00141-A-001-01.jpg' NDATA JPEG>
  <!ENTITY ICN-S1000DBIKE-AAA-DA10000-A-06RT9-00142-A-001-01 SYSTEM 'media/ICN-S1000DBIKE-AAA-DA10000-A-06RT9-00142-A-001-01.jpg' NDATA JPEG>
  <!ENTITY ICN-S1000DBIKE-AAA-DA10000-A-06RT9-00143-A-001-01 SYSTEM 'media/ICN-S1000DBIKE-AAA-DA10000-A-06RT9-00143-A-001-01.jpg' NDATA JPEG>
  <!ENTITY ICN-S1000DBIKE-AAA-DA10000-A-06RT9-00144-A-001-01 SYSTEM 'media/ICN-S1000DBIKE-AAA-DA10000-A-06RT9-00144-A-001-01.jpg' NDATA JPEG>
  <!ENTITY ICN-S1000DBIKE-AAA-DA10000-A-06RT9-00145-A-001-01 SYSTEM 'media/ICN-S1000DBIKE-AAA-DA10000-A-06RT9-00145-A-001-01.jpg' NDATA JPEG>
]>
<dmodule xmlns:dc="http://www.purl.org/dc/elements/1.1/" xmlns:rdf="http://www.w3.org/1999/02/22-rdf-syntax-ns#" xmlns:xlink="http://www.w3.org/1999/xlink" xmlns:xsi="http://www.w3.org/2001/XMLSchema-instance" xsi:noNamespaceSchemaLocation="http://www.s1000d.org/S1000D_4-0/xml_schema_flat/learning.xsd">
  <rdf:Description>
    <dc:creator>06RT9</dc:creator>
    <dc:title>Brake system - General maintenance procedure: Interactive content - Procedure Exploratory</dc:title>
    <dc:subject>Brake system - General maintenance procedure: Interactive content - Procedure Exploratory</dc:subject>
    <dc:publisher>06RT9</dc:publisher>
    <dc:contributor>06RT9</dc:contributor>
    <dc:date>2009-10-19</dc:date>
    <dc:type>text</dc:type>
    <dc:format>text/xml</dc:format>
    <dc:identifier>S1000DBIKE-AAA-DA1-00-00-00AA-913A-A-T4JC_001-00</dc:identifier>
    <dc:language>en-US</dc:language>
    <dc:rights>01_cc51</dc:rights>
  </rdf:Description>
  <identAndStatusSection>
    <dmAddress>
      <dmIdent>
        <dmCode modelIdentCode="S1000DBIKE" systemDiffCode="AAA" systemCode="DA1" subSystemCode="0" subSubSystemCode="0" assyCode="00" disassyCode="00" disassyCodeVariant="AA" infoCode="913" infoCodeVariant="A" itemLocationCode="A" learnCode="T4J" learnEventCode="C" />
        <language countryIsoCode="US" languageIsoCode="en" />
        <issueInfo issueNumber="001" inWork="00" />
      </dmIdent>
      <dmAddressItems>
        <issueDate year="2009" month="10" day="19" />
        <dmTitle>
          <techName>Brake system</techName>
          <infoName>General maintenance procedure: Interactive content - Procedure Exploratory</infoName>
        </dmTitle>
      </dmAddressItems>
    </dmAddress>
    <dmStatus>
      <security securityClassification="01" />
      <responsiblePartnerCompany enterpriseCode="06RT9" />
      <originator />
      <applic>
        <displayText />
      </applic>
      <brexDmRef>
        <dmRef>
          <dmRefIdent>
            <dmCode modelIdentCode="S1000D" systemDiffCode="A" systemCode="04" subSystemCode="1" subSubSystemCode="0" assyCode="0301" disassyCode="00" disassyCodeVariant="A" infoCode="022" infoCodeVariant="A" itemLocationCode="D" />
            <issueInfo issueNumber="005" inWork="00" />
            <language languageIsoCode="en" countryIsoCode="US" />
          </dmRefIdent>
        </dmRef>
      </brexDmRef>
      <qualityAssurance>
        <unverified />
      </qualityAssurance>
      <systemBreakdownCode>DA100</systemBreakdownCode>
    </dmStatus>
  </identAndStatusSection>
  <content>
    <learning>
      <learningContent>
        <title>Maintaining Your Brake System</title>
        <lcInstruction>
          <description>
            <figure>
              <title />
              <graphic infoEntityIdent="ICN-S1000DBIKE-AAA-DA00000-A-06RT9-00094-A-001-01" />
            </figure>
            <levelledPara id="para-000">
              <levelledPara id="para-001">
                <para>
							  General brake system maintenance begins with the brake pads. To keep them functional, you should be prepared to perform the following maintenance steps as necessary.
						  </para>
                <figure>
                  <title />
                  <graphic infoEntityIdent="ICN-S1000DBIKE-AAA-DA10000-A-06RT9-00141-A-001-01" />
                </figure>
              </levelledPara>
              <levelledPara id="para-002">
                <para>Using a scrubbing pad, clean the outside of the wheel rim where the brake pads make contact. </para>
                <figure>
                  <title />
                  <graphic infoEntityIdent="ICN-S1000DBIKE-AAA-DA10000-A-06RT9-00142-A-001-01" />
                </figure>
              </levelledPara>
              <levelledPara id="para-003">
                <para>Next, check the condition of the brake pads. If the pads are too worn, replace them. If you find that you can get more use out of the pads, you should simply reface them. To reface the brake pads, remove the wheel from the bike. Take a file or a piece of sandpaper to the pad. Rub the face of the pads to give them a fresh surface to brake against the rim. This will also level the pads in case they have worn unevenly.</para>
                <figure>
                  <title />
                  <graphic infoEntityIdent="ICN-S1000DBIKE-AAA-DA10000-A-06RT9-00143-A-001-01" />
                </figure>
              </levelledPara>
              <levelledPara id="para-004">
                <para>
							  Once you have refaced the brake pads, reinstall the wheel. Check to make sure it is straight and centered. Ensure that the brake pads line up on the rim. If they don't, loosen the backing nut, reposition the pads, and then retighten.
						  </para>
                <figure>
                  <title />
                  <graphic infoEntityIdent="ICN-S1000DBIKE-AAA-DA10000-A-06RT9-00144-A-001-01" />
                </figure>
              </levelledPara>
              <levelledPara id="para-005">
                <para>
							  As brake pads wear, you will feel the brake lever come closer and closer to the handlebar, making it feel as if the brakes are failing. You can pull the brake closer to the rim via the barrel adjuster, located at the brake lever. This is done by rolling the barrel adjuster out using the knurled nut to take up slack in the cable.
						  </para>
                <figure>
                  <title />
                  <graphic infoEntityIdent="ICN-S1000DBIKE-AAA-DA10000-A-06RT9-00145-A-001-01" />
                </figure>
              </levelledPara>
            </levelledPara>
            <para>
              <emphasis>Use the arrows to view the slide show.</emphasis>
            </para>
          </description>
        </lcInstruction>
      </learningContent>
    </learning>
  </content>
</dmodule>
