<?xml version="1.0" encoding="UTF-8"?>
<!DOCTYPE dmodule [
  <!NOTATION SWF SYSTEM "http://www.macromedia.com/software/flash">
  <!ENTITY ICN-S1000DBIKE-AAA-DA51000-A-06RT9-00056-A-001-01 SYSTEM 'media/ICN-S1000DBIKE-AAA-DA51000-A-06RT9-00056-A-001-01.swf' NDATA SWF>
  <!ENTITY ICN-S1000DBIKE-AAA-DA51000-A-06RT9-00057-A-001-01 SYSTEM 'media/ICN-S1000DBIKE-AAA-DA51000-A-06RT9-00057-A-001-01.swf' NDATA SWF>
]>
<dmodule xmlns:dc="http://www.purl.org/dc/elements/1.1/" xmlns:rdf="http://www.w3.org/1999/02/22-rdf-syntax-ns#" xmlns:xlink="http://www.w3.org/1999/xlink" xmlns:xsi="http://www.w3.org/2001/XMLSchema-instance" xsi:noNamespaceSchemaLocation="http://www.s1000d.org/S1000D_4-0/xml_schema_flat/learning.xsd">
  <rdf:Description>
    <dc:creator>06RT9</dc:creator>
    <dc:title>Mechs - Description of how it is made: Static content - Fact Expositive</dc:title>
    <dc:subject>Mechs - Description of how it is made: Static content - Fact Expositive</dc:subject>
    <dc:publisher>06RT9</dc:publisher>
    <dc:contributor>06RT9</dc:contributor>
    <dc:date>2009-08-20</dc:date>
    <dc:type>text</dc:type>
    <dc:format>text/xml</dc:format>
    <dc:identifier>S1000DBIKE-AAA-DA5-10-00-00AA-041A-A-T42C_001-00</dc:identifier>
    <dc:language>en-US</dc:language>
    <dc:rights>01_cc51</dc:rights>
  </rdf:Description>
  <identAndStatusSection>
    <dmAddress>
      <dmIdent>
        <dmCode modelIdentCode="S1000DBIKE" systemDiffCode="AAA" systemCode="DA5" subSystemCode="1" subSubSystemCode="0" assyCode="00" disassyCode="00" disassyCodeVariant="AA" infoCode="041" infoCodeVariant="A" itemLocationCode="A" learnCode="T42" learnEventCode="C" />
        <language countryIsoCode="US" languageIsoCode="en" />
        <issueInfo issueNumber="001" inWork="00" />
      </dmIdent>
      <dmAddressItems>
        <issueDate year="2009" month="08" day="20" />
        <dmTitle>
          <techName>Mechs</techName>
          <infoName>Description of how it is made: Static content - Fact Expositive</infoName>
        </dmTitle>
      </dmAddressItems>
    </dmAddress>
    <dmStatus>
      <security securityClassification="01" />
      <responsiblePartnerCompany enterpriseCode="06RT9" />
      <originator />
      <applic>
        <displayText />
      </applic>
      <brexDmRef>
        <dmRef>
          <dmRefIdent>
            <dmCode modelIdentCode="S1000D" systemDiffCode="A" systemCode="04" subSystemCode="1" subSubSystemCode="0" assyCode="0301" disassyCode="00" disassyCodeVariant="A" infoCode="022" infoCodeVariant="A" itemLocationCode="D" />
            <issueInfo issueNumber="005" inWork="00" />
            <language languageIsoCode="en" countryIsoCode="US" />
          </dmRefIdent>
        </dmRef>
      </brexDmRef>
      <qualityAssurance>
        <unverified />
      </qualityAssurance>
      <systemBreakdownCode>DA510</systemBreakdownCode>
    </dmStatus>
  </identAndStatusSection>
  <content>
    <learning>
      <learningContent id="learncont-21e30c17-4b21-4e16-afef-d0087e59514a">
        <title>Derailleurs</title>
        <lcInstruction>
          <description>
            <para>Typically, derailleurs come in pairs: one on the front of the drive train and one on the rear. </para>
            <para>
              <emphasis>Front Derailleur</emphasis>
            </para>
            <para>The front derailleur contains two types of screws. The screws, stop screw low-gear and stop screw high-gear, are intended to keep movement of the derailleur to a minimum. The function of these screws is to prevent the rider from over shifting. If this occurs, the chain will go out of the chain wheel.</para>
            <figure>
              <title />
              <graphic infoEntityIdent="ICN-S1000DBIKE-AAA-DA51000-A-06RT9-00056-A-001-01" />
            </figure>
            <para>
              <emphasis>
								Click PLAY to view the video.
							</emphasis>
            </para>
            <para>The derailleur is installed on the bicycle seat tube with a clamp and is parallel to the three front sprockets. The shift cable is connected between the shifters on the handlebar and the cable clamp bolt on the front derailleur. This operates the derailleur. There is an inner and outer cage on the sprockets. A clamp attaches the cage to the sprockets.</para>
            <para>
              <emphasis>Rear Derailleur</emphasis>
            </para>
            <para>The rear derailleur area houses the sprockets for the different gear changes. When the cable clamp bolt is tight, it holds the shift cable in its position. A screwed bolt holds the tension wheel.</para>
            <figure>
              <title />
              <graphic infoEntityIdent="ICN-S1000DBIKE-AAA-DA51000-A-06RT9-00057-A-001-01" />
            </figure>
            <para>
              <emphasis>
								Click PLAY to view the video.
							</emphasis>
            </para>
            <para>The derailleur mounting bolt connects the derailleur to the frame. Attaching the bolt ensures that the cage plates are parallel with the chain rings.</para>
            <para>The guide wheel moves the chain with the derailleur. It moves the chain from one sprocket to the other. The guide wheel must not move on its axis. This causes unwanted wearing on the wheel. The guide wheel is positioned below the largest sprocket.</para>
          </description>
        </lcInstruction>
      </learningContent>
    </learning>
  </content>
</dmodule>
