<?xml version="1.0" encoding="UTF-8"?>
<!DOCTYPE dmodule>
<dmodule xmlns:dc="http://www.purl.org/dc/elements/1.1/" xmlns:rdf="http://www.w3.org/1999/02/22-rdf-syntax-ns#" xmlns:xlink="http://www.w3.org/1999/xlink" xmlns:xsi="http://www.w3.org/2001/XMLSchema-instance" xsi:noNamespaceSchemaLocation="http://www.s1000d.org/S1000D_4-0/xml_schema_flat/proced.xsd">
  <rdf:Description>
    <dc:creator>U8025</dc:creator>
    <dc:title>Handlebar - Install procedures</dc:title>
    <dc:subject>Handlebar - Install procedures</dc:subject>
    <dc:publisher>U8025</dc:publisher>
    <dc:contributor>U8025</dc:contributor>
    <dc:date>2008-08-01</dc:date>
    <dc:type>text</dc:type>
    <dc:format>text/xml</dc:format>
    <dc:identifier>S1000DBIKE-AAA-DA2-20-00-00AA-720A-A_007-00</dc:identifier>
    <dc:language>en-US</dc:language>
    <dc:rights>01_cc51_cv51</dc:rights>
  </rdf:Description>
  <identAndStatusSection>
    <dmAddress>
      <dmIdent>
        <dmCode modelIdentCode="S1000DBIKE" systemDiffCode="AAA" systemCode="DA2" subSystemCode="2" subSubSystemCode="0" assyCode="00" disassyCode="00" disassyCodeVariant="AA" infoCode="720" infoCodeVariant="A" itemLocationCode="A" />
        <language countryIsoCode="US" languageIsoCode="en" />
        <issueInfo issueNumber="007" inWork="00" />
      </dmIdent>
      <dmAddressItems>
        <issueDate year="2008" month="08" day="01" />
        <dmTitle>
          <techName>Handlebar</techName>
          <infoName>Install procedures</infoName>
        </dmTitle>
      </dmAddressItems>
    </dmAddress>
    <dmStatus issueType="revised">
      <security securityClassification="01" commercialClassification="cc51" caveat="cv51" />
      <dataRestrictions>
        <restrictionInstructions>
          <dataDistribution>To be made available to all S1000D users.</dataDistribution>
          <exportControl>
            <exportRegistrationStmt>
              <simplePara>Export of this data module to all countries that are the residence of organizations that are users of S1000D is permitted. Storage of this data module is to be at the discretion of the organization.</simplePara>
            </exportRegistrationStmt>
          </exportControl>
          <dataHandling>There are no specific handling instructions for this data module.</dataHandling>
          <dataDestruction>Users may destroy this data module in accordance with their own local procedures.</dataDestruction>
          <dataDisclosure>There are no dissemination limitations that apply to this data module.</dataDisclosure>
        </restrictionInstructions>
        <restrictionInfo>
          <copyright>
            <copyrightPara>
              <emphasis>Copyright (C) 2008</emphasis> by each of the following organizations:<randomList><listItem><para>AeroSpace and Defence Industries Associations of Europe - ASD.</para></listItem><listItem><para>Ministries of Defence of the member countries of ASD.</para></listItem></randomList></copyrightPara>
            <copyrightPara>
              <emphasis>Limitations of Liability:</emphasis>
            </copyrightPara>
            <copyrightPara>
              <randomList>
                <listItem>
                  <para>This material is provided "As Is" and neither ASD nor any person who has contributed to the creation, revision or maintenance of the material makes any representations or warranties, express or implied, including but not limited to, warranties of merchantability or fitness for any particular purpose.</para>
                </listItem>
                <listItem>
                  <para>Neither ASD nor any person who has contributed to the creation, revision or maintenance of this material shall be liable for any direct, indirect, special or consequential damages or any other liability arising from any use of this material.</para>
                </listItem>
                <listItem>
                  <para>Revisions to this document may occur after its issuance.  The user is responsible for determining if revisions to the material contained in this document have occurred and are applicable.</para>
                </listItem>
              </randomList>
            </copyrightPara>
          </copyright>
          <policyStatement>TPSMG TOR 001</policyStatement>
          <dataConds>There are no known conditions that would change the data restrictions for, or security classification of, this data module.</dataConds>
        </restrictionInfo>
      </dataRestrictions>
      <responsiblePartnerCompany enterpriseCode="U8025">
        <enterpriseName>UK MoD</enterpriseName>
      </responsiblePartnerCompany>
      <originator enterpriseCode="U8025">
        <enterpriseName>UK MoD</enterpriseName>
      </originator>
      <applicCrossRefTableRef>
        <dmRef xlink:type="simple" xlink:actuate="onRequest" xlink:show="replace" xlink:href="URN:S1000D:DMC-S1000DBIKE-AAA-D00-00-00-00AA-00WA-D">
          <dmRefIdent>
            <dmCode modelIdentCode="S1000DBIKE" systemDiffCode="AAA" systemCode="D00" subSystemCode="0" subSubSystemCode="0" assyCode="00" disassyCode="00" disassyCodeVariant="AA" infoCode="00W" infoCodeVariant="A" itemLocationCode="D" />
          </dmRefIdent>
        </dmRef>
      </applicCrossRefTableRef>
      <applic>
        <displayText>
          <simplePara>Mountain bicycle and (Mountain storm Mk1 or Brook trekker Mk9)</simplePara>
        </displayText>
        <evaluate andOr="and">
          <assert applicPropertyIdent="type" applicPropertyType="prodattr" applicPropertyValues="Mountain bicycle" />
          <evaluate andOr="or">
            <evaluate andOr="and">
              <assert applicPropertyIdent="model" applicPropertyType="prodattr" applicPropertyValues="Mountain storm" />
              <assert applicPropertyIdent="version" applicPropertyType="prodattr" applicPropertyValues="Mk1" />
            </evaluate>
            <evaluate andOr="and">
              <assert applicPropertyIdent="model" applicPropertyType="prodattr" applicPropertyValues="Brook trekker" />
              <assert applicPropertyIdent="version" applicPropertyType="prodattr" applicPropertyValues="Mk9" />
            </evaluate>
          </evaluate>
        </evaluate>
      </applic>
      <techStandard>
        <authorityInfoAndTp>
          <authorityInfo>20010131</authorityInfo>
          <techPubBase>Bike book</techPubBase>
        </authorityInfoAndTp>
        <authorityExceptions />
        <authorityNotes />
      </techStandard>
      <brexDmRef>
        <dmRef xlink:type="simple" xlink:actuate="onRequest" xlink:show="replace" xlink:href="URN:S1000D:DMC-S1000DBIKE-AAA-D00-00-00-00AA-022A-D_007-00">
          <dmRefIdent>
            <dmCode modelIdentCode="S1000DBIKE" systemDiffCode="AAA" systemCode="D00" subSystemCode="0" subSubSystemCode="0" assyCode="00" disassyCode="00" disassyCodeVariant="AA" infoCode="022" infoCodeVariant="A" itemLocationCode="D" />
            <issueInfo issueNumber="007" inWork="00" />
          </dmRefIdent>
        </dmRef>
      </brexDmRef>
      <qualityAssurance>
        <firstVerification verificationType="tabtop" />
      </qualityAssurance>
      <systemBreakdownCode>BY142</systemBreakdownCode>
      <skillLevel skillLevelCode="sk02" />
      <reasonForUpdate>
        <simplePara>totally revised</simplePara>
        <simplePara>Schema cleanup element/attribute renaming</simplePara>
      </reasonForUpdate>
    </dmStatus>
  </identAndStatusSection>
  <content>
    <procedure>
      <preliminaryRqmts>
        <reqCondGroup>
          <reqCondNoRef>
            <reqCond>The bicycle is held safely on work stand. Refer to (<internalRef internalRefId="seq-0003" internalRefTargetType="supequip" xlink:actuate="onRequest" xlink:show="replace" xlink:href="seq-0003" />)</reqCond>
          </reqCondNoRef>
        </reqCondGroup>
        <reqPersons>
          <person man="A">
            <personCategory personCategoryCode="Bike rider" />
            <personSkill skillLevelCode="sk02" />
            <trade>Operator</trade>
            <estimatedTime unitOfMeasure="h">1,5</estimatedTime>
          </person>
        </reqPersons>
        <reqSupportEquips>
          <supportEquipDescrGroup>
            <supportEquipDescr id="seq-0001">
              <name>Set of Allen wrenches</name>
              <identNumber>
                <manufacturerCode>KZ666</manufacturerCode>
                <partAndSerialNumber>
                  <partNumber>BSK-TLST-001-13</partNumber>
                </partAndSerialNumber>
              </identNumber>
              <reqQuantity unitOfMeasure="EA">1</reqQuantity>
            </supportEquipDescr>
            <supportEquipDescr id="seq-0002">
              <name>Extra firm hold hairspray</name>
              <identNumber>
                <manufacturerCode>HS111</manufacturerCode>
                <partAndSerialNumber>
                  <partNumber>HSP-D001</partNumber>
                </partAndSerialNumber>
              </identNumber>
              <reqQuantity unitOfMeasure="EA">1</reqQuantity>
            </supportEquipDescr>
            <supportEquipDescr id="seq-0003">
              <name>Work stand</name>
              <identNumber>
                <manufacturerCode>KZ555</manufacturerCode>
                <partAndSerialNumber>
                  <partNumber>Stand-001</partNumber>
                </partAndSerialNumber>
              </identNumber>
              <reqQuantity unitOfMeasure="EA">1</reqQuantity>
            </supportEquipDescr>
          </supportEquipDescrGroup>
        </reqSupportEquips>
        <reqSupplies>
          <noSupplies />
        </reqSupplies>
        <reqSpares>
          <spareDescrGroup>
            <spareDescr id="spa-0001">
              <name>Handlebar</name>
              <identNumber>
                <manufacturerCode>KZ555</manufacturerCode>
                <partAndSerialNumber>
                  <partNumber>Hd-001</partNumber>
                </partAndSerialNumber>
              </identNumber>
              <reqQuantity unitOfMeasure="EA">1</reqQuantity>
            </spareDescr>
            <spareDescr id="spa-0002">
              <name>Brake lever</name>
              <identNumber>
                <manufacturerCode>KT444</manufacturerCode>
                <partAndSerialNumber>
                  <partNumber>BR-LVRS-001</partNumber>
                </partAndSerialNumber>
              </identNumber>
              <reqQuantity unitOfMeasure="EA">1</reqQuantity>
            </spareDescr>
            <spareDescr id="spa-0003">
              <name>Shifter lever</name>
              <identNumber>
                <manufacturerCode>KZ555</manufacturerCode>
                <partAndSerialNumber>
                  <partNumber>Sl-001</partNumber>
                </partAndSerialNumber>
              </identNumber>
              <reqQuantity unitOfMeasure="EA">1</reqQuantity>
            </spareDescr>
            <spareDescr id="spa-0004">
              <name>Brake lever mount</name>
              <identNumber>
                <manufacturerCode>KT444</manufacturerCode>
                <partAndSerialNumber>
                  <partNumber>BR-LVRS-001-01</partNumber>
                </partAndSerialNumber>
              </identNumber>
              <reqQuantity unitOfMeasure="EA">1</reqQuantity>
            </spareDescr>
            <spareDescr id="spa-0005">
              <name>Handlebar grips</name>
              <identNumber>
                <manufacturerCode>KZ555</manufacturerCode>
                <partAndSerialNumber>
                  <partNumber>Hd-001-01</partNumber>
                </partAndSerialNumber>
              </identNumber>
              <reqQuantity unitOfMeasure="EA">1</reqQuantity>
            </spareDescr>
            <spareDescr id="spa-0006">
              <name>Handlebar plug</name>
              <identNumber>
                <manufacturerCode>KZ555</manufacturerCode>
                <partAndSerialNumber>
                  <partNumber>Hd-001-02</partNumber>
                </partAndSerialNumber>
              </identNumber>
              <reqQuantity unitOfMeasure="EA">1</reqQuantity>
            </spareDescr>
          </spareDescrGroup>
        </reqSpares>
        <reqSafety>
          <safetyRqmts>
            <warning>
              <warningAndCautionPara>Do not ride the bicycle until the grips have become dry and are firmly held in position. If the grips are wet, your hands can move off the grips when you ride the bicycle.</warningAndCautionPara>
            </warning>
            <warning>
              <warningAndCautionPara>Do not ride a bicycle with no grips on the handlebar.</warningAndCautionPara>
            </warning>
            <caution>
              <warningAndCautionPara>Make sure the handlebar is correctly aligned in the center of the stem.</warningAndCautionPara>
            </caution>
          </safetyRqmts>
        </reqSafety>
      </preliminaryRqmts>
      <mainProcedure>
        <proceduralStep>
          <para>Put the <internalRef internalRefId="spa-0001" internalRefTargetType="spares" xlink:actuate="onRequest" xlink:show="replace" xlink:href="spa-0001" /> in the stem and tighten the clamp bolt with a <internalRef internalRefId="seq-0001" internalRefTargetType="supequip" xlink:actuate="onRequest" xlink:show="replace" xlink:href="seq-0001" />. Make sure the handlebar is correctly aligned in the center of the stem. Tighten the clamp bolt.</para>
        </proceduralStep>
        <proceduralStep>
          <para>Put the <internalRef internalRefId="spa-0002" internalRefTargetType="spares" xlink:actuate="onRequest" xlink:show="replace" xlink:href="spa-0002" /> and <internalRef internalRefId="spa-0003" internalRefTargetType="spares" xlink:actuate="onRequest" xlink:show="replace" xlink:href="spa-0003" /> on the handlebar.</para>
          <proceduralStep>
            <para>Move the <internalRef internalRefId="spa-0003" internalRefTargetType="spares" xlink:actuate="onRequest" xlink:show="replace" xlink:href="spa-0003" /> on the <internalRef internalRefId="spa-0001" internalRefTargetType="spares" xlink:actuate="onRequest" xlink:show="replace" xlink:href="spa-0001" /> again and make sure you do not catch the cables.</para>
          </proceduralStep>
          <proceduralStep>
            <para>Tighten the clamp bolt.</para>
          </proceduralStep>
          <proceduralStep>
            <para>Move the <internalRef internalRefId="spa-0004" internalRefTargetType="spares" xlink:actuate="onRequest" xlink:show="replace" xlink:href="spa-0004" /> and the brake lever on the <internalRef internalRefId="spa-0001" internalRefTargetType="spares" xlink:actuate="onRequest" xlink:show="replace" xlink:href="spa-0001" /> again.</para>
          </proceduralStep>
          <proceduralStep>
            <para>Tighten the clamp screw.</para>
          </proceduralStep>
        </proceduralStep>
        <proceduralStep>
          <para>Replace the <internalRef internalRefId="spa-0005" internalRefTargetType="spares" xlink:actuate="onRequest" xlink:show="replace" xlink:href="spa-0005" />.</para>
          <proceduralStep>
            <para>Apply with the <internalRef internalRefId="seq-0002" internalRefTargetType="supequip" xlink:actuate="onRequest" xlink:show="replace" xlink:href="seq-0002" /> to the <internalRef internalRefId="spa-0005" internalRefTargetType="spares" xlink:actuate="onRequest" xlink:show="replace" xlink:href="spa-0005" /> area of the <internalRef internalRefId="spa-0004" internalRefTargetType="spares" xlink:actuate="onRequest" xlink:show="replace" xlink:href="spa-0004" />.</para>
          </proceduralStep>
          <proceduralStep>
            <para>Before the <internalRef internalRefId="seq-0002" internalRefTargetType="supequip" xlink:actuate="onRequest" xlink:show="replace" xlink:href="seq-0002" /> becomes dry, move the <internalRef internalRefId="spa-0005" internalRefTargetType="spares" xlink:actuate="onRequest" xlink:show="replace" xlink:href="spa-0005" /> into the correct position. Make sure the grip protects the end of the <internalRef internalRefId="spa-0001" internalRefTargetType="spares" xlink:actuate="onRequest" xlink:show="replace" xlink:href="spa-0001" /> or install a <internalRef internalRefId="spa-0006" internalRefTargetType="spares" xlink:actuate="onRequest" xlink:show="replace" xlink:href="spa-0006" />.</para>
          </proceduralStep>
        </proceduralStep>
      </mainProcedure>
      <closeRqmts>
        <reqCondGroup>
          <noConds />
        </reqCondGroup>
      </closeRqmts>
    </procedure>
  </content>
</dmodule>
