<?xml version="1.0" encoding="UTF-8"?>
<!DOCTYPE dmodule [
  <!NOTATION JPEG SYSTEM 'Joint Photographic Experts Group'>
  <!ENTITY ICN-S1000DBIKE-AAA-DA20000-A-06RT9-00004-A-001-01 SYSTEM 'media/ICN-S1000DBIKE-AAA-DA20000-A-06RT9-00004-A-001-01.jpg' NDATA JPEG>
]>
<dmodule xmlns:dc="http://www.purl.org/dc/elements/1.1/" xmlns:rdf="http://www.w3.org/1999/02/22-rdf-syntax-ns#" xmlns:xlink="http://www.w3.org/1999/xlink" xmlns:xsi="http://www.w3.org/2001/XMLSchema-instance" xsi:noNamespaceSchemaLocation="http://www.s1000d.org/S1000D_4-0/xml_schema_flat/learning.xsd">
  <rdf:Description>
    <dc:creator>06RT9</dc:creator>
    <dc:title>Steering - Description of how it is made: Enabling objective - Verbal information - Facts</dc:title>
    <dc:subject>Steering - Description of how it is made: Enabling objective - Verbal information - Facts</dc:subject>
    <dc:publisher>06RT9</dc:publisher>
    <dc:contributor>06RT9</dc:contributor>
    <dc:date>2009-07-30</dc:date>
    <dc:type>text</dc:type>
    <dc:format>text/xml</dc:format>
    <dc:identifier>S1000DBIKE-AAA-DA2-00-00-00AA-041A-A-T2FB_001-00</dc:identifier>
    <dc:language>en-US</dc:language>
    <dc:rights>01_cc51</dc:rights>
  </rdf:Description>
  <identAndStatusSection>
    <dmAddress>
      <dmIdent>
        <dmCode modelIdentCode="S1000DBIKE" systemDiffCode="AAA" systemCode="DA2" subSystemCode="0" subSubSystemCode="0" assyCode="00" disassyCode="00" disassyCodeVariant="AA" infoCode="041" infoCodeVariant="A" itemLocationCode="A" learnCode="T2F" learnEventCode="B" />
        <language countryIsoCode="US" languageIsoCode="en" />
        <issueInfo issueNumber="001" inWork="00" />
      </dmIdent>
      <dmAddressItems>
        <issueDate year="2009" month="07" day="30" />
        <dmTitle>
          <techName>Steering</techName>
          <infoName>Description of how it is made: Enabling objective - Verbal information - Facts</infoName>
        </dmTitle>
      </dmAddressItems>
    </dmAddress>
    <dmStatus>
      <security securityClassification="01" />
      <responsiblePartnerCompany enterpriseCode="06RT9" />
      <originator />
      <applic>
        <displayText />
      </applic>
      <brexDmRef>
        <dmRef>
          <dmRefIdent>
            <dmCode modelIdentCode="S1000D" systemDiffCode="A" systemCode="04" subSystemCode="1" subSubSystemCode="0" assyCode="0301" disassyCode="00" disassyCodeVariant="A" infoCode="022" infoCodeVariant="A" itemLocationCode="D" />
            <issueInfo issueNumber="005" inWork="00" />
            <language languageIsoCode="en" countryIsoCode="US" />
          </dmRefIdent>
        </dmRef>
      </brexDmRef>
      <qualityAssurance>
        <unverified />
      </qualityAssurance>
      <systemBreakdownCode>DA200</systemBreakdownCode>
    </dmStatus>
  </identAndStatusSection>
  <content>
    <learning>
      <learningOverview>
        <title>Introduction</title>
        <lcSection>
          <description>
            <para>In order for a rider to keep his or her bike moving in a given direction, he or she must steer the bike. A bike's steering system offers input, which helps the bike and rider to remain upright. Additionally, the rider's balance affects the bike's steering. If the rider's center of gravity sways more to the left or right of the wheels, the bike will lean. This lean causes the handlebar to turn in the direction of the lean, pulling the bike in that direction. In order to rebalance, the rider uses inertia and the steering system.</para>
            <figure>
              <title />
              <graphic infoEntityIdent="ICN-S1000DBIKE-AAA-DA20000-A-06RT9-00004-A-001-01" />
            </figure>
            <para>This topic provides information related to the physical description of a bike's steering system.</para>
            <para>
              <emphasis>Objective: Given a photograph of a bike's steering system, you will be able to identify each part with 80 percent accuracy.</emphasis>
            </para>
          </description>
        </lcSection>
      </learningOverview>
    </learning>
  </content>
</dmodule>
