<?xml version="1.0" encoding="UTF-8"?>
<dmodule xmlns:dc="http://www.purl.org/dc/elements/1.1/" xmlns:rdf="http://www.w3.org/1999/02/22-rdf-syntax-ns#" xmlns:xlink="http://www.w3.org/1999/xlink" xmlns:xsi="http://www.w3.org/2001/XMLSchema-instance" xsi:noNamespaceSchemaLocation="http://www.s1000d.org/S1000D_4-0/xml_schema_flat/learning.xsd">
  <rdf:Description>
    <dc:creator>U8025</dc:creator>
    <dc:title>Bicycle - Planning information: Cause Analysis</dc:title>
    <dc:subject>Bicycle - Planning information: Cause Analysis</dc:subject>
    <dc:publisher>06RT9</dc:publisher>
    <dc:contributor>06RT9</dc:contributor>
    <dc:date>2009-08-22</dc:date>
    <dc:type>text</dc:type>
    <dc:format>text/xml</dc:format>
    <dc:identifier>S1000DBIKE-AAA-D00-00-00-00AA-932A-A-H20A_001-00</dc:identifier>
    <dc:language>en-US</dc:language>
    <dc:rights>01_cc51</dc:rights>
  </rdf:Description>
  <identAndStatusSection>
    <dmAddress>
      <dmIdent>
        <dmCode modelIdentCode="S1000DBIKE" systemDiffCode="AAA" systemCode="D00" subSystemCode="0" subSubSystemCode="0" assyCode="00" disassyCode="00" disassyCodeVariant="AA" infoCode="932" infoCodeVariant="A" itemLocationCode="A" learnCode="H20" learnEventCode="A" />
        <language countryIsoCode="US" languageIsoCode="en" />
        <issueInfo issueNumber="001" inWork="00" />
      </dmIdent>
      <dmAddressItems>
        <issueDate year="2009" month="07" day="22" />
        <dmTitle>
          <techName>Bicycle</techName>
          <infoName>Planning information: Cause Analysis</infoName>
        </dmTitle>
      </dmAddressItems>
    </dmAddress>
    <dmStatus>
      <security securityClassification="01" />
      <responsiblePartnerCompany enterpriseCode="06RT9" />
      <originator />
      <applic>
        <displayText />
      </applic>
      <brexDmRef>
        <dmRef>
          <dmRefIdent>
            <dmCode modelIdentCode="S1000D" systemDiffCode="A" systemCode="04" subSystemCode="1" subSubSystemCode="0" assyCode="0301" disassyCode="00" disassyCodeVariant="A" infoCode="022" infoCodeVariant="A" itemLocationCode="D" />
            <issueInfo issueNumber="005" inWork="00" />
            <language languageIsoCode="en" countryIsoCode="US" />
          </dmRefIdent>
        </dmRef>
      </brexDmRef>
      <qualityAssurance>
        <unverified />
      </qualityAssurance>
      <systemBreakdownCode>D0000</systemBreakdownCode>
    </dmStatus>
  </identAndStatusSection>
  <content>
    <learning>
      <learningPlan>
        <lcGapAnalysis>
          <title />
          <shortDescr>
						Many of Speedy Couriers, Inc. job applicants are college students that have never been messengers before. All messengers have their own bikes but do not necessarily know how to keep them maintained. Speedy Couriers provides a ""breakdown"" pickup service for messengers who cannot continue their routes because of some type of mechanical failure on their bikes. Many of the failures include: flat tires; drive train jams; damaged brake levers, etc. Recently, there has been a rise in calls for ""breakdown"" pickups, because the couriers do not know how to fix mechanical failures. This problem leads to increased workload on other carriers and late deliveries and pickups, which in turn leads to unsatisfied customers. Speedy Couriers, Inc. would like for all of its messengers to know how to perform general bike maintenance to reduce the number of ""breakdown"" pickups."
					</shortDescr>
          <lcGapItem>
            <title>Gap Item: Bike Maintenance</title>
            <shortDescr>Currently, Speedy Couriers, Inc. does not provide bike maintenance training for its couriers. In order to perform their jobs effieciently and effectively couriers must be able to maintain their bikes.  </shortDescr>
            <lcPlanObjective>
              <description>
                <para>
                  <emphasis>Plan Objective:</emphasis>
                </para>
                <para>The learning plan objectives will require the learners to identify bike parts and systems as well as describe the procedures for general and specific bike maintenance.</para>
              </description>
            </lcPlanObjective>
            <lcGapItemDelta>
              <description>
                <para>
                  <emphasis>Gap Item Delta:</emphasis>
                </para>
                <para>Entry level bike couriers do not necessarily possess the skills required to maintain their bikes. This may prohibt them from completing job tasks as assigned.</para>
              </description>
            </lcGapItemDelta>
          </lcGapItem>
        </lcGapAnalysis>
        <lcTechnical />
      </learningPlan>
    </learning>
  </content>
</dmodule>
