<?xml version="1.0" encoding="UTF-8"?>
<!DOCTYPE dmodule [
  <!NOTATION JPEG SYSTEM 'Joint Photographic Experts Group'>
  <!ENTITY ICN-S1000DBIKE-AAA-DA53000-A-06RT9-00051-A-001-01 SYSTEM 'media/ICN-S1000DBIKE-AAA-DA53000-A-06RT9-00051-A-001-01.jpg' NDATA JPEG>
]>
<dmodule xmlns:dc="http://www.purl.org/dc/elements/1.1/" xmlns:rdf="http://www.w3.org/1999/02/22-rdf-syntax-ns#" xmlns:xlink="http://www.w3.org/1999/xlink" xmlns:xsi="http://www.w3.org/2001/XMLSchema-instance" xsi:noNamespaceSchemaLocation="http://www.s1000d.org/S1000D_4-0/xml_schema_flat/learning.xsd">
  <rdf:Description>
    <dc:creator>06RT9</dc:creator>
    <dc:title>Shifters - Description of how it is made: Static content - Procedure Expositive</dc:title>
    <dc:subject>Shifters - Description of how it is made: Static content - Procedure Expositive</dc:subject>
    <dc:publisher>06RT9</dc:publisher>
    <dc:contributor>06RT9</dc:contributor>
    <dc:date>2009-08-20</dc:date>
    <dc:type>text</dc:type>
    <dc:format>text/xml</dc:format>
    <dc:identifier>S1000DBIKE-AAA-DA5-30-00-00AA-041A-A-T45C_001-00</dc:identifier>
    <dc:language>en-US</dc:language>
    <dc:rights>01_cc51</dc:rights>
  </rdf:Description>
  <identAndStatusSection>
    <dmAddress>
      <dmIdent>
        <dmCode modelIdentCode="S1000DBIKE" systemDiffCode="AAA" systemCode="DA5" subSystemCode="3" subSubSystemCode="0" assyCode="00" disassyCode="00" disassyCodeVariant="AA" infoCode="041" infoCodeVariant="A" itemLocationCode="A" learnCode="T45" learnEventCode="C" />
        <language countryIsoCode="US" languageIsoCode="en" />
        <issueInfo issueNumber="001" inWork="00" />
      </dmIdent>
      <dmAddressItems>
        <issueDate year="2009" month="08" day="20" />
        <dmTitle>
          <techName>Shifters</techName>
          <infoName>Description of how it is made: Static content - Procedure Expositive</infoName>
        </dmTitle>
      </dmAddressItems>
    </dmAddress>
    <dmStatus>
      <security securityClassification="01" />
      <responsiblePartnerCompany enterpriseCode="06RT9" />
      <originator />
      <applic>
        <displayText />
      </applic>
      <brexDmRef>
        <dmRef>
          <dmRefIdent>
            <dmCode modelIdentCode="S1000D" systemDiffCode="A" systemCode="04" subSystemCode="1" subSubSystemCode="0" assyCode="0301" disassyCode="00" disassyCodeVariant="A" infoCode="022" infoCodeVariant="A" itemLocationCode="D" />
            <issueInfo issueNumber="005" inWork="00" />
            <language languageIsoCode="en" countryIsoCode="US" />
          </dmRefIdent>
        </dmRef>
      </brexDmRef>
      <qualityAssurance>
        <unverified />
      </qualityAssurance>
      <systemBreakdownCode>DA530</systemBreakdownCode>
    </dmStatus>
  </identAndStatusSection>
  <content>
    <learning>
      <learningContent id="learncont-4e36b6f7-065a-4265-ad36-763281c4851a">
        <title>Shifters</title>
        <lcInstruction>
          <description>
            <figure>
              <title>Thumb Shifter</title>
              <graphic infoEntityIdent="ICN-S1000DBIKE-AAA-DA53000-A-06RT9-00051-A-001-01" />
            </figure>
            <para>Your bike's shifters are used to control its gearing mechanisms and allow you to select your preferred gear ratio. </para>
            <para>The shifters alternatively tighten or relax the shifting cables attached to the front and rear derailleurs. Varying tension on the derailleur mechanisms cause them to move in or out along a perpendicular axis in relation to the frame. Inward and outward movement of the derailleurs causes the chain to progressively climb or descend the chain rings and cassette cogs. Movement of the chain along the cassette cogs and chain rings caused by manipulating the shifters is known as "shifting gears." The combination of the rider-selected front chain ring and rear cassette cog is known as the riding "gear."</para>
            <para>There are four types of bike shifters: down tube, thumb, dual lever, and grip. Your bike's shifter(s) depend on the type of bike. The thumb shifter is the most common type on modern bicycles. </para>
            <para>Bikes that feature thumb shifters may have one or two levers. Some thumb shifters have a switch that allows the rider to adjust its operation in either the index position or in the friction position. The differences between the two are:</para>
            <para>
              <randomList>
                <listItem>
                  <para>Index shifters change the gears with a click of a lever.</para>
                </listItem>
                <listItem>
                  <para>
						  Friction shifters hold the derailleur in its position by friction.
					  </para>
                </listItem>
              </randomList>
            </para>
            <para>Thumb shifters are held on the bicycle's handlebar with a screw. </para>
          </description>
        </lcInstruction>
      </learningContent>
    </learning>
  </content>
</dmodule>
