<?xml version="1.0" encoding="UTF-8"?>
<!DOCTYPE dmodule [
  <!NOTATION JPEG SYSTEM 'Joint Photographic Experts Group'>
  <!ENTITY ICN-S1000DBIKE-AAA-DA00000-A-06RT9-00092-A-001-01 SYSTEM 'media/ICN-S1000DBIKE-AAA-DA00000-A-06RT9-00092-A-001-01.jpg' NDATA JPEG>
]>
<dmodule xmlns:dc="http://www.purl.org/dc/elements/1.1/" xmlns:rdf="http://www.w3.org/1999/02/22-rdf-syntax-ns#" xmlns:xlink="http://www.w3.org/1999/xlink" xmlns:xsi="http://www.w3.org/2001/XMLSchema-instance" xsi:noNamespaceSchemaLocation="http://www.s1000d.org/S1000D_4-0/xml_schema_flat/learning.xsd">
  <rdf:Description>
    <dc:creator>06RT9</dc:creator>
    <dc:title>Wheels - Introduction: Enabling objective - Motor skill</dc:title>
    <dc:subject>Wheels - Introduction: Enabling objective - Motor skill</dc:subject>
    <dc:publisher>06RT9</dc:publisher>
    <dc:contributor>06RT9</dc:contributor>
    <dc:date>2009-10-02</dc:date>
    <dc:type>text</dc:type>
    <dc:format>text/xml</dc:format>
    <dc:identifier>S1000DBIKE-AAA-DA0-00-00-00AA-018A-A-T2GB_001-00</dc:identifier>
    <dc:language>en-US</dc:language>
    <dc:rights>01_cc51</dc:rights>
  </rdf:Description>
  <identAndStatusSection>
    <dmAddress>
      <dmIdent>
        <dmCode modelIdentCode="S1000DBIKE" systemDiffCode="AAA" systemCode="DA0" subSystemCode="0" subSubSystemCode="0" assyCode="00" disassyCode="00" disassyCodeVariant="AA" infoCode="018" infoCodeVariant="A" itemLocationCode="A" learnCode="T2G" learnEventCode="B" />
        <language countryIsoCode="US" languageIsoCode="en" />
        <issueInfo issueNumber="001" inWork="00" />
      </dmIdent>
      <dmAddressItems>
        <issueDate year="2009" month="10" day="02" />
        <dmTitle>
          <techName>Wheels</techName>
          <infoName>Introduction: Enabling objective - Motor skill</infoName>
        </dmTitle>
      </dmAddressItems>
    </dmAddress>
    <dmStatus>
      <security securityClassification="01" />
      <responsiblePartnerCompany enterpriseCode="06RT9" />
      <originator />
      <applic>
        <displayText />
      </applic>
      <brexDmRef>
        <dmRef>
          <dmRefIdent>
            <dmCode modelIdentCode="S1000D" systemDiffCode="A" systemCode="04" subSystemCode="1" subSubSystemCode="0" assyCode="0301" disassyCode="00" disassyCodeVariant="A" infoCode="022" infoCodeVariant="A" itemLocationCode="D" />
            <issueInfo issueNumber="005" inWork="00" />
            <language languageIsoCode="en" countryIsoCode="US" />
          </dmRefIdent>
        </dmRef>
      </brexDmRef>
      <qualityAssurance>
        <unverified />
      </qualityAssurance>
      <systemBreakdownCode>DA000</systemBreakdownCode>
    </dmStatus>
  </identAndStatusSection>
  <content>
    <learning>
      <learningOverview>
        <title>Introduction</title>
        <lcIntro>
          <description>
            <para>Any number of things can cause damage to a bike's wheel sets. For example, riding on under-inflated tires can cause them to go flat and damage the wheels. Riding on over-inflated tires may make them more susceptible to punctures from small rocks or bits of glass. Collisions with curbs may bend the rim and spokes. Simple use over time promotes wear. To keep your bike on the road longer, be sure to follow some simple maintenance procedures.</para>
            <para>
						This topic will provide you the information you will need to maintain your bike's wheels.
					</para>
            <figure>
              <title />
              <graphic infoEntityIdent="ICN-S1000DBIKE-AAA-DA00000-A-06RT9-00092-A-001-01" />
            </figure>
          </description>
        </lcIntro>
        <lcObjectives>
          <lcObjectivesStem>
            <description>
              <para>
                <emphasis>Objective: Given a bike, you will be able to describe how to maintain a bike's wheels with 80 percent accuracy.</emphasis>
              </para>
            </description>
          </lcObjectivesStem>
        </lcObjectives>
      </learningOverview>
    </learning>
  </content>
</dmodule>
