<?xml version="1.0" encoding="UTF-8"?>
<!DOCTYPE dmodule [
  <!NOTATION SWF SYSTEM "http://www.macromedia.com/software/flash">
  <!ENTITY ICN-S1000DBIKE-AAA-D000000-A-06RT9-00171-A-001-01 SYSTEM 'media/ICN-S1000DBIKE-AAA-D000000-A-06RT9-00171-A-001-01.swf' NDATA SWF>
]>
<dmodule xmlns:dc="http://www.purl.org/dc/elements/1.1/" xmlns:rdf="http://www.w3.org/1999/02/22-rdf-syntax-ns#" xmlns:xlink="http://www.w3.org/1999/xlink" xmlns:xsi="http://www.w3.org/2001/XMLSchema-instance" xsi:noNamespaceSchemaLocation="http://www.s1000d.org/S1000D_4-0/xml_schema_flat/learning.xsd">
  <rdf:Description>
    <dc:creator>06RT9</dc:creator>
    <dc:title>Bicycle - Pre-operation procedures (crew): Interactive content - Procedure Exploratory</dc:title>
    <dc:subject>Bicycle - Pre-operation procedures (crew): Interactive content - Procedure Exploratory</dc:subject>
    <dc:publisher>06RT9</dc:publisher>
    <dc:contributor>06RT9</dc:contributor>
    <dc:date>2009-10-19</dc:date>
    <dc:type>text</dc:type>
    <dc:format>text/xml</dc:format>
    <dc:identifier>S1000DBIKE-AAA-D00-00-00-00AA-121A-A-T4JC_001-00</dc:identifier>
    <dc:language>en-US</dc:language>
    <dc:rights>01_cc51</dc:rights>
  </rdf:Description>
  <identAndStatusSection>
    <dmAddress>
      <dmIdent>
        <dmCode modelIdentCode="S1000DBIKE" systemDiffCode="AAA" systemCode="D00" subSystemCode="0" subSubSystemCode="0" assyCode="00" disassyCode="00" disassyCodeVariant="AA" infoCode="121" infoCodeVariant="A" itemLocationCode="A" learnCode="T4J" learnEventCode="C" />
        <language countryIsoCode="US" languageIsoCode="en" />
        <issueInfo issueNumber="001" inWork="00" />
      </dmIdent>
      <dmAddressItems>
        <issueDate year="2009" month="10" day="19" />
        <dmTitle>
          <techName>Bicycle</techName>
          <infoName>Pre-operation procedures (crew): Interactive content - Procedure Exploratory</infoName>
        </dmTitle>
      </dmAddressItems>
    </dmAddress>
    <dmStatus>
      <security securityClassification="01" />
      <responsiblePartnerCompany enterpriseCode="06RT9" />
      <originator />
      <applic>
        <displayText />
      </applic>
      <brexDmRef>
        <dmRef>
          <dmRefIdent>
            <dmCode modelIdentCode="S1000D" systemDiffCode="A" systemCode="04" subSystemCode="1" subSubSystemCode="0" assyCode="0301" disassyCode="00" disassyCodeVariant="A" infoCode="022" infoCodeVariant="A" itemLocationCode="D" />
            <issueInfo issueNumber="005" inWork="00" />
            <language languageIsoCode="en" countryIsoCode="US" />
          </dmRefIdent>
        </dmRef>
      </brexDmRef>
      <qualityAssurance>
        <unverified />
      </qualityAssurance>
      <systemBreakdownCode>D0000</systemBreakdownCode>
    </dmStatus>
  </identAndStatusSection>
  <content>
    <learning>
      <learningContent>
        <title>Pre-Operation Procedures</title>
        <lcInstruction>
          <description>
            <para>If it has been a while since you rode your bike or you are planning an extra-long ride, it's a good idea to conduct a pre-ride inspection.</para>
            <para>Completely inspect the brakes and their functionality. Open the brake quick release, and check the overall condition of the brakes. Ensure that they are correctly installed in the center of the inner diameter of the brake surface. Examine the condition and the thickness of the brake pads. Make sure that there is plenty of rubber left on the shoes and that the pad is not too hard. Clean away any dirt or debris (refer to <dmRef><dmRefIdent><dmCode modelIdentCode="S1000DBIKE" systemDiffCode="AAA" systemCode="DA1" subSystemCode="1" subSubSystemCode="0" assyCode="00" disassyCode="00" disassyCodeVariant="AA" infoCode="251" infoCodeVariant="A" itemLocationCode="A" learnCode="T45" learnEventCode="C" /><issueInfo inWork="01" issueNumber="001" /><language countryIsoCode="US" languageIsoCode="en" /></dmRefIdent><dmRefAddressItems><dmTitle><techName>Brake Pads</techName><infoName>Clean with chemical agent</infoName></dmTitle></dmRefAddressItems><behavior linkActuate="onRequest" linkShow="newPane" /></dmRef>). Check to see that there is sufficient clearance between the pads and the inner diameter of the brake surfaces. Pads positioned too low on the rim, as shown in the image below, can move off of the rim and into the spokes causing the spokes to become separated or torn completely from their mountings. Apply the brakes, and push the handlebar forward to ensure that the brakes are operating correctly.</para>
            <figure>
              <title />
              <graphic infoEntityIdent="ICN-S1000DBIKE-AAA-D000000-A-06RT9-00171-A-001-01" />
            </figure>
            <para>
              <emphasis>Click PLAY to view the video.</emphasis>
            </para>
            <para>Check the condition of the wheel assemblies. Look closely at the rims to see if there are any bulges and/or dents, and examine for splits at the seam where the extruded rim is bonded. Ensure that all of the spokes are straight and held securely in place. Check the tire pressure. Ensure that the pressure reading on the tire pressure gauge matches the recommended pressure shown on the sidewall of the tire. If necessary, add air.  </para>
            <para>Straddle the bicycle, and move the handlebar from side to side to check the headset bearings. Make sure that they are tight.</para>
            <para>Examine the chain. If it is excessively dirty, clean it as specified in the chain-cleaning task (refer to <dmRef><dmRefIdent><dmCode modelIdentCode="S1000DBIKE" systemDiffCode="AAA" systemCode="DA4" subSystemCode="1" subSubSystemCode="0" assyCode="00" disassyCode="00" disassyCodeVariant="AA" infoCode="251" infoCodeVariant="B" itemLocationCode="A" learnCode="T4J" learnEventCode="C" /><issueInfo inWork="01" issueNumber="001" /><language countryIsoCode="US" languageIsoCode="en" /></dmRefIdent><dmRefAddressItems><dmTitle><techName>Chain</techName><infoName>Clean with chemical agent</infoName></dmTitle></dmRefAddressItems><behavior linkActuate="onRequest" linkShow="newPane" /></dmRef>).Check the chain for frozen or tight links, and apply lubricant as necessary. Ensure that the chain is tight. There should not be excessive play in the chain. To check this, move the chain to the largest chain ring, and try to pull the chain away from the front of the chain ring. Make sure that it is not loose. If you can see a full tooth when you pull the chain away from the chain ring, it needs to be tightened. Tighten the chain with the Allen wrench from the specialist tool set.</para>
          </description>
        </lcInstruction>
      </learningContent>
    </learning>
  </content>
</dmodule>
