<?xml version="1.0" encoding="UTF-8"?>
<!DOCTYPE dmodule>
<dmodule xmlns:dc="http://www.purl.org/dc/elements/1.1/" xmlns:rdf="http://www.w3.org/1999/02/22-rdf-syntax-ns#" xmlns:xlink="http://www.w3.org/1999/xlink" xmlns:xsi="http://www.w3.org/2001/XMLSchema-instance" xsi:noNamespaceSchemaLocation="http://www.s1000d.org/S1000D_4-0/xml_schema_flat/crew.xsd">
  <rdf:Description>
    <dc:creator>U8025</dc:creator>
    <dc:title>Bicycle - Description attributed to crew</dc:title>
    <dc:subject>Bicycle - Description attributed to crew</dc:subject>
    <dc:publisher>U8025</dc:publisher>
    <dc:contributor>U8025</dc:contributor>
    <dc:date>2008-08-01</dc:date>
    <dc:type>text</dc:type>
    <dc:format>text/xml</dc:format>
    <dc:identifier>S1000DBIKE-AAA-D00-00-00-00AA-043A-A_007-00</dc:identifier>
    <dc:language>en-US</dc:language>
    <dc:rights>01_cc51</dc:rights>
  </rdf:Description>
  <identAndStatusSection>
    <dmAddress>
      <dmIdent>
        <dmCode modelIdentCode="S1000DBIKE" systemDiffCode="AAA" systemCode="D00" subSystemCode="0" subSubSystemCode="0" assyCode="00" disassyCode="00" disassyCodeVariant="AA" infoCode="043" infoCodeVariant="A" itemLocationCode="A" />
        <language countryIsoCode="US" languageIsoCode="en" />
        <issueInfo issueNumber="007" inWork="00" />
      </dmIdent>
      <dmAddressItems>
        <issueDate year="2008" month="08" day="01" />
        <dmTitle>
          <techName>Bicycle</techName>
          <infoName>Description attributed to crew</infoName>
        </dmTitle>
      </dmAddressItems>
    </dmAddress>
    <dmStatus issueType="revised">
      <security securityClassification="01" commercialClassification="cc51" />
      <dataRestrictions>
        <restrictionInstructions>
          <dataDistribution>To be made available to all S1000D users.</dataDistribution>
          <exportControl>
            <exportRegistrationStmt>
              <simplePara>Export of this data module to all countries that are the residence of organizations that are users of S1000D is permitted. Storage of this data module is to be at the discretion of the organization.</simplePara>
            </exportRegistrationStmt>
          </exportControl>
          <dataHandling>There are no specific handling instructions for this data module.</dataHandling>
          <dataDestruction>Users may destroy this data module in accordance with their own local procedures.</dataDestruction>
          <dataDisclosure>There are no dissemination limitations that apply to this data module.</dataDisclosure>
        </restrictionInstructions>
        <restrictionInfo>
          <copyright>
            <copyrightPara>
              <emphasis>Copyright (C) 2008</emphasis> by each of the following organizations:<randomList><listItem><para>AeroSpace and Defence Industries Associations of Europe - ASD.</para></listItem><listItem><para>Ministries of Defence of the member countries of ASD.</para></listItem></randomList></copyrightPara>
            <copyrightPara>
              <emphasis>Limitations of Liability:</emphasis>
            </copyrightPara>
            <copyrightPara>
              <randomList>
                <listItem>
                  <para>This material is provided "As Is" and neither ASD nor any person who has contributed to the creation, revision or maintenance of the material makes any representations or warranties, express or implied, including but not limited to, warranties of merchantability or fitness for any particular purpose.</para>
                </listItem>
                <listItem>
                  <para>Neither ASD nor any person who has contributed to the creation, revision or maintenance of this material shall be liable for any direct, indirect, special or consequential damages or any other liability arising from any use of this material.</para>
                </listItem>
                <listItem>
                  <para>Revisions to this document may occur after its issuance.  The user is responsible for determining if revisions to the material contained in this document have occurred and are applicable.</para>
                </listItem>
              </randomList>
            </copyrightPara>
          </copyright>
          <policyStatement>TPSMG TOR 001</policyStatement>
          <dataConds>There are no known conditions that would change the data restrictions for, or security classification of, this data module.</dataConds>
        </restrictionInfo>
      </dataRestrictions>
      <responsiblePartnerCompany enterpriseCode="U8025">
        <enterpriseName>UK MoD</enterpriseName>
      </responsiblePartnerCompany>
      <originator enterpriseCode="U8025">
        <enterpriseName>UK MoD</enterpriseName>
      </originator>
      <applicCrossRefTableRef>
        <dmRef xlink:type="simple" xlink:actuate="onRequest" xlink:show="replace" xlink:href="URN:S1000D:DMC-S1000DBIKE-AAA-D00-00-00-00AA-00WA-D">
          <dmRefIdent>
            <dmCode modelIdentCode="S1000DBIKE" systemDiffCode="AAA" systemCode="D00" subSystemCode="0" subSubSystemCode="0" assyCode="00" disassyCode="00" disassyCodeVariant="AA" infoCode="00W" infoCodeVariant="A" itemLocationCode="D" />
          </dmRefIdent>
        </dmRef>
      </applicCrossRefTableRef>
      <applic>
        <displayText>
          <simplePara>Mountain bicycle and (Mountain storm Mk1 or Brook trekker Mk9)</simplePara>
        </displayText>
        <evaluate andOr="and">
          <assert applicPropertyIdent="type" applicPropertyType="prodattr" applicPropertyValues="Mountain bicycle" />
          <evaluate andOr="or">
            <evaluate andOr="and">
              <assert applicPropertyIdent="model" applicPropertyType="prodattr" applicPropertyValues="Mountain storm" />
              <assert applicPropertyIdent="version" applicPropertyType="prodattr" applicPropertyValues="Mk1" />
            </evaluate>
            <evaluate andOr="and">
              <assert applicPropertyIdent="model" applicPropertyType="prodattr" applicPropertyValues="Brook trekker" />
              <assert applicPropertyIdent="version" applicPropertyType="prodattr" applicPropertyValues="Mk9" />
            </evaluate>
          </evaluate>
        </evaluate>
      </applic>
      <techStandard>
        <authorityInfoAndTp>
          <authorityInfo>20010131</authorityInfo>
          <techPubBase>Bike book</techPubBase>
        </authorityInfoAndTp>
        <authorityExceptions />
        <authorityNotes />
      </techStandard>
      <brexDmRef>
        <dmRef xlink:type="simple" xlink:actuate="onRequest" xlink:show="replace" xlink:href="URN:S1000D:DMC-S1000DBIKE-AAA-D00-00-00-00AA-022A-D_007-00">
          <dmRefIdent>
            <dmCode modelIdentCode="S1000DBIKE" systemDiffCode="AAA" systemCode="D00" subSystemCode="0" subSubSystemCode="0" assyCode="00" disassyCode="00" disassyCodeVariant="AA" infoCode="022" infoCodeVariant="A" itemLocationCode="D" />
            <issueInfo issueNumber="007" inWork="00" />
          </dmRefIdent>
        </dmRef>
      </brexDmRef>
      <qualityAssurance>
        <firstVerification verificationType="tabtop" />
      </qualityAssurance>
      <systemBreakdownCode>BY</systemBreakdownCode>
      <skillLevel skillLevelCode="sk01" />
      <reasonForUpdate>
        <simplePara>totally revised</simplePara>
        <simplePara>Schema cleanup element/attribute renaming</simplePara>
      </reasonForUpdate>
    </dmStatus>
  </identAndStatusSection>
  <content>
    <refs>
      <dmRef xlink:type="simple" xlink:actuate="onRequest" xlink:show="replace" xlink:href="URN:S1000D:DMC-S1000DBIKE-AAA-DA5-30-00-00AA-041A-A">
        <dmRefIdent>
          <dmCode modelIdentCode="S1000DBIKE" systemDiffCode="AAA" systemCode="DA5" subSystemCode="3" subSubSystemCode="0" assyCode="00" disassyCode="00" disassyCodeVariant="AA" infoCode="041" infoCodeVariant="A" itemLocationCode="A" />
        </dmRefIdent>
        <dmRefAddressItems>
          <dmTitle>
            <techName>Shifters</techName>
            <infoName>Description of how it is made</infoName>
          </dmTitle>
        </dmRefAddressItems>
      </dmRef>
    </refs>
    <crew>
      <descrCrew>
        <levelledPara>
          <title>Introduction</title>
          <para>Data about the bicycle and its control system is given in this document. This data will help you operate the bicycle.</para>
        </levelledPara>
        <levelledPara>
          <levelledPara>
            <title>Controls</title>
            <para>
							Data about the controls that follow is given in this document: <randomList listItemPrefix="pf02"><listItem><para><internalRef internalRefId="par-0001" internalRefTargetType="para" xlink:actuate="onRequest" xlink:show="replace" xlink:href="par-0001">Steering</internalRef></para></listItem><listItem><para><internalRef internalRefId="par-0002" internalRefTargetType="para" xlink:actuate="onRequest" xlink:show="replace" xlink:href="par-0002">Shifters</internalRef></para></listItem><listItem><para><internalRef internalRefId="par-0003" internalRefTargetType="para" xlink:actuate="onRequest" xlink:show="replace" xlink:href="par-0003">Brakes</internalRef></para></listItem><listItem><para><internalRef internalRefId="par-0004" internalRefTargetType="para" xlink:actuate="onRequest" xlink:show="replace" xlink:href="par-0004">Pedals</internalRef></para></listItem></randomList></para>
          </levelledPara>
          <levelledPara id="par-0001">
            <title>Steering</title>
            <para>The handlebars are used to steer the bike. They are at the front of the bicycle. You hold one of the handlebar grips with each hand and move the handle bar to change the direction of the bike.</para>
          </levelledPara>
          <levelledPara id="par-0002">
            <title>Shifters</title>
            <para>
							The gears control the ratio of pedal rotation to wheel rotation. You can change this with the shifters <dmRef xlink:type="simple" xlink:actuate="onRequest" xlink:show="replace" xlink:href="URN:S1000D:DMC-S1000DBIKE-AAA-DA5-30-00-00AA-041A-A"><dmRefIdent><dmCode modelIdentCode="S1000DBIKE" systemDiffCode="AAA" systemCode="DA5" subSystemCode="3" subSubSystemCode="0" assyCode="00" disassyCode="00" disassyCodeVariant="AA" infoCode="041" infoCodeVariant="A" itemLocationCode="A" /></dmRefIdent></dmRef> . The shifters are on the handlebar.
						</para>
            <para>
							A description of the two <internalRef internalRefId="tab-0001" internalRefTargetType="table" xlink:actuate="onRequest" xlink:show="replace" xlink:href="tab-0001">shifters</internalRef> follows.
						</para>
            <table id="tab-0001">
              <title>shifter correlation</title>
              <tgroup cols="2">
                <colspec colnum="1" colname="col1" colwidth="*" />
                <colspec colnum="2" colname="col02" colwidth="1.50*" />
                <thead>
                  <row>
                    <entry colname="col1">
                      <para>Shifter Location</para>
                    </entry>
                    <entry colname="col02">
                      <para>Affected Gears</para>
                    </entry>
                  </row>
                </thead>
                <tbody>
                  <row>
                    <entry colname="col1">
                      <para>Left</para>
                    </entry>
                    <entry colname="col02">
                      <para>The buttons on the left shifter changes the gears on the front derailleur.</para>
                    </entry>
                  </row>
                  <row>
                    <entry colname="col1">
                      <para>Right</para>
                    </entry>
                    <entry colname="col02">
                      <para>The buttons on the right shifter changes the gears on the rear derailleur.</para>
                    </entry>
                  </row>
                </tbody>
              </tgroup>
            </table>
          </levelledPara>
          <levelledPara id="par-0003">
            <title>Brakes</title>
            <warning>
              <warningAndCautionPara>If you operate the front brake without the rear brake you can cause a crash.</warningAndCautionPara>
            </warning>
            <para>You can decrease the speed of the bike with the brakes. You operate the brakes with the brake levers on the handlebar.</para>
            <para>
							A description of the <internalRef internalRefId="tab-0002" internalRefTargetType="table" xlink:actuate="onRequest" xlink:show="replace" xlink:href="tab-0002">brake levers</internalRef> follows.
						</para>
            <table id="tab-0002">
              <title>brake lever correlation</title>
              <tgroup cols="2">
                <colspec colnum="1" colname="col1" colwidth="*" />
                <colspec colnum="2" colname="col02" colwidth="1.50*" />
                <thead>
                  <row>
                    <entry colname="col1">
                      <para>Brake Lever Location</para>
                    </entry>
                    <entry colname="col02">
                      <para>Affected Brake</para>
                    </entry>
                  </row>
                </thead>
                <tbody>
                  <row>
                    <entry colname="col1">
                      <para>Left</para>
                    </entry>
                    <entry colname="col02">
                      <para>This lever operates the front brake.</para>
                    </entry>
                  </row>
                  <row>
                    <entry colname="col1">
                      <para>Right</para>
                    </entry>
                    <entry colname="col02">
                      <para>This lever operates the rear brake.</para>
                    </entry>
                  </row>
                </tbody>
              </tgroup>
            </table>
          </levelledPara>
          <levelledPara id="par-0004">
            <title>Pedals</title>
            <para>The pedals are at the bottom of the seat tube. You operate the pedals to move the bicycle forward.</para>
          </levelledPara>
        </levelledPara>
      </descrCrew>
    </crew>
  </content>
</dmodule>
