<?xml version="1.0" encoding="UTF-8"?>
<!DOCTYPE dmodule [
  <!NOTATION JPEG SYSTEM 'Joint Photographic Experts Group'>
  <!NOTATION swf PUBLIC "-//S1000D//NOTATION X-SHOCKWAVE-FLASH 3D Models Encoding//EN">
  <!ENTITY ICN-S1000DBIKE-AAA-DA10000-0-U8025-00515-A-04-1 SYSTEM 'media/ICN-S1000DBIKE-AAA-DA10000-0-U8025-00515-A-04-1.jpg' NDATA JPEG>
  <!ENTITY ICN-S1000DBIKE-AAA-DA10000-0-U8025-00537-A-03-1 SYSTEM 'media/ICN-S1000DBIKE-AAA-DA10000-0-U8025-00537-A-03-1.SWF' NDATA swf>
]>
<dmodule xmlns:dc="http://www.purl.org/dc/elements/1.1/" xmlns:rdf="http://www.w3.org/1999/02/22-rdf-syntax-ns#" xmlns:xlink="http://www.w3.org/1999/xlink" xmlns:xsi="http://www.w3.org/2001/XMLSchema-instance" xsi:noNamespaceSchemaLocation="http://www.s1000d.org/S1000D_4-0/xml_schema_flat/proced.xsd">
  <rdf:Description>
    <dc:creator>U8025</dc:creator>
    <dc:title>Bicycle - Pre-operation procedures (crew)</dc:title>
    <dc:subject>Bicycle - Pre-operation procedures (crew)</dc:subject>
    <dc:publisher>U8025</dc:publisher>
    <dc:contributor>U8025</dc:contributor>
    <dc:date>2008-08-01</dc:date>
    <dc:type>text</dc:type>
    <dc:format>text/xml</dc:format>
    <dc:identifier>S1000DBIKE-AAA-D00-00-00-00AA-121A-A_007-00</dc:identifier>
    <dc:language>en-US</dc:language>
    <dc:rights>01_cc51</dc:rights>
  </rdf:Description>
  <identAndStatusSection>
    <dmAddress>
      <dmIdent>
        <dmCode modelIdentCode="S1000DBIKE" systemDiffCode="AAA" systemCode="D00" subSystemCode="0" subSubSystemCode="0" assyCode="00" disassyCode="00" disassyCodeVariant="AA" infoCode="121" infoCodeVariant="A" itemLocationCode="A" />
        <language countryIsoCode="US" languageIsoCode="en" />
        <issueInfo issueNumber="007" inWork="00" />
      </dmIdent>
      <dmAddressItems>
        <issueDate year="2008" month="08" day="01" />
        <dmTitle>
          <techName>Bicycle</techName>
          <infoName>Pre-operation procedures (crew)</infoName>
        </dmTitle>
      </dmAddressItems>
    </dmAddress>
    <dmStatus issueType="revised">
      <security securityClassification="01" commercialClassification="cc51" />
      <dataRestrictions>
        <restrictionInstructions>
          <dataDistribution>To be made available to all S1000D users.</dataDistribution>
          <exportControl>
            <exportRegistrationStmt>
              <simplePara>Export of this data module to all countries that are the residence of organizations that are users of S1000D is permitted. Storage of this data module is to be at the discretion of the organization.</simplePara>
            </exportRegistrationStmt>
          </exportControl>
          <dataHandling>There are no specific handling instructions for this data module.</dataHandling>
          <dataDestruction>Users may destroy this data module in accordance with their own local procedures.</dataDestruction>
          <dataDisclosure>There are no dissemination limitations that apply to this data module.</dataDisclosure>
        </restrictionInstructions>
        <restrictionInfo>
          <copyright>
            <copyrightPara>
              <emphasis>Copyright (C) 2008</emphasis> by each of the following organizations:<randomList><listItem><para>AeroSpace and Defence Industries Associations of Europe - ASD.</para></listItem><listItem><para>Ministries of Defence of the member countries of ASD.</para></listItem></randomList></copyrightPara>
            <copyrightPara>
              <emphasis>Limitations of Liability:</emphasis>
            </copyrightPara>
            <copyrightPara>
              <randomList>
                <listItem>
                  <para>This material is provided "As Is" and neither ASD nor any person who has contributed to the creation, revision or maintenance of the material makes any representations or warranties, express or implied, including but not limited to, warranties of merchantability or fitness for any particular purpose.</para>
                </listItem>
                <listItem>
                  <para>Neither ASD nor any person who has contributed to the creation, revision or maintenance of this material shall be liable for any direct, indirect, special or consequential damages or any other liability arising from any use of this material.</para>
                </listItem>
                <listItem>
                  <para>Revisions to this document may occur after its issuance.  The user is responsible for determining if revisions to the material contained in this document have occurred and are applicable.</para>
                </listItem>
              </randomList>
            </copyrightPara>
          </copyright>
          <policyStatement>TPSMG TOR 001</policyStatement>
          <dataConds>There are no known conditions that would change the data restrictions for, or security classification of, this data module.</dataConds>
        </restrictionInfo>
      </dataRestrictions>
      <responsiblePartnerCompany enterpriseCode="U8025">
        <enterpriseName>UK MoD</enterpriseName>
      </responsiblePartnerCompany>
      <originator enterpriseCode="U8025">
        <enterpriseName>UK MoD</enterpriseName>
      </originator>
      <applicCrossRefTableRef>
        <dmRef xlink:type="simple" xlink:actuate="onRequest" xlink:show="replace" xlink:href="URN:S1000D:DMC-S1000DBIKE-AAA-D00-00-00-00AA-00WA-D">
          <dmRefIdent>
            <dmCode modelIdentCode="S1000DBIKE" systemDiffCode="AAA" systemCode="D00" subSystemCode="0" subSubSystemCode="0" assyCode="00" disassyCode="00" disassyCodeVariant="AA" infoCode="00W" infoCodeVariant="A" itemLocationCode="D" />
          </dmRefIdent>
        </dmRef>
      </applicCrossRefTableRef>
      <applic>
        <displayText>
          <simplePara>Mountain bicycle and (Mountain storm Mk1 or Brook trekker Mk9)</simplePara>
        </displayText>
        <evaluate andOr="and">
          <assert applicPropertyIdent="type" applicPropertyType="prodattr" applicPropertyValues="Mountain bicycle" />
          <evaluate andOr="or">
            <evaluate andOr="and">
              <assert applicPropertyIdent="model" applicPropertyType="prodattr" applicPropertyValues="Mountain storm" />
              <assert applicPropertyIdent="version" applicPropertyType="prodattr" applicPropertyValues="Mk1" />
            </evaluate>
            <evaluate andOr="and">
              <assert applicPropertyIdent="model" applicPropertyType="prodattr" applicPropertyValues="Brook trekker" />
              <assert applicPropertyIdent="version" applicPropertyType="prodattr" applicPropertyValues="Mk9" />
            </evaluate>
          </evaluate>
        </evaluate>
      </applic>
      <techStandard>
        <authorityInfoAndTp>
          <authorityInfo>20010131</authorityInfo>
          <techPubBase>Bike book</techPubBase>
        </authorityInfoAndTp>
        <authorityExceptions />
        <authorityNotes />
      </techStandard>
      <brexDmRef>
        <dmRef xlink:type="simple" xlink:actuate="onRequest" xlink:show="replace" xlink:href="URN:S1000D:DMC-S1000DBIKE-AAA-D00-00-00-00AA-022A-D_007-00">
          <dmRefIdent>
            <dmCode modelIdentCode="S1000DBIKE" systemDiffCode="AAA" systemCode="D00" subSystemCode="0" subSubSystemCode="0" assyCode="00" disassyCode="00" disassyCodeVariant="AA" infoCode="022" infoCodeVariant="A" itemLocationCode="D" />
            <issueInfo issueNumber="007" inWork="00" />
          </dmRefIdent>
        </dmRef>
      </brexDmRef>
      <qualityAssurance>
        <firstVerification verificationType="tabtop" />
      </qualityAssurance>
      <systemBreakdownCode>BY</systemBreakdownCode>
      <skillLevel skillLevelCode="sk01" />
      <reasonForUpdate>
        <simplePara>totally revised</simplePara>
        <simplePara>Schema cleanup element/attribute renaming</simplePara>
      </reasonForUpdate>
    </dmStatus>
  </identAndStatusSection>
  <content>
    <refs>
      <dmRef xlink:type="simple" xlink:actuate="onRequest" xlink:show="replace" xlink:href="URN:S1000D:DMC-S1000DBIKE-AAA-DA4-10-00-00AA-251B-A">
        <dmRefIdent>
          <dmCode modelIdentCode="S1000DBIKE" systemDiffCode="AAA" systemCode="DA4" subSystemCode="1" subSubSystemCode="0" assyCode="00" disassyCode="00" disassyCodeVariant="AA" infoCode="251" infoCodeVariant="B" itemLocationCode="A" />
        </dmRefIdent>
        <dmRefAddressItems>
          <dmTitle>
            <techName>Chain</techName>
            <infoName>Clean with chain cleaning fluid</infoName>
          </dmTitle>
        </dmRefAddressItems>
      </dmRef>
    </refs>
    <procedure>
      <preliminaryRqmts>
        <reqCondGroup>
          <noConds />
        </reqCondGroup>
        <reqPersons>
          <person man="A">
            <personCategory personCategoryCode="Basic user" />
            <trade>Operator</trade>
            <estimatedTime unitOfMeasure="h">0,3</estimatedTime>
          </person>
        </reqPersons>
        <reqSupportEquips>
          <supportEquipDescrGroup>
            <supportEquipDescr id="seq-0001">
              <name>Tire pressure gauge</name>
              <identNumber>
                <manufacturerCode>KZ666</manufacturerCode>
                <partAndSerialNumber>
                  <partNumber>BSK-TLST-001-01</partNumber>
                </partAndSerialNumber>
              </identNumber>
              <reqQuantity unitOfMeasure="EA">1</reqQuantity>
            </supportEquipDescr>
            <supportEquipDescr id="seq-0002">
              <name>Specialist toolset</name>
              <identNumber>
                <manufacturerCode>KZ666</manufacturerCode>
                <partAndSerialNumber>
                  <partNumber>BSK-TLST-001</partNumber>
                </partAndSerialNumber>
              </identNumber>
              <reqQuantity unitOfMeasure="EA">1</reqQuantity>
            </supportEquipDescr>
          </supportEquipDescrGroup>
        </reqSupportEquips>
        <reqSupplies>
          <supplyDescrGroup>
            <supplyDescr id="sup-0001">
              <name>General lubricant</name>
              <identNumber>
                <manufacturerCode>KZ222</manufacturerCode>
                <partAndSerialNumber>
                  <partNumber>LL-001</partNumber>
                </partAndSerialNumber>
              </identNumber>
              <reqQuantity>As required</reqQuantity>
            </supplyDescr>
          </supplyDescrGroup>
        </reqSupplies>
        <reqSpares>
          <noSpares />
        </reqSpares>
        <reqSafety>
          <noSafety />
        </reqSafety>
      </preliminaryRqmts>
      <mainProcedure>
        <proceduralStep>
          <para>Examine the condition of the brakes.</para>
          <proceduralStep>
            <para>Open the brake quick release.</para>
          </proceduralStep>
          <proceduralStep>
            <para>Examine the condition and the thickness of the brake pads.</para>
            <proceduralStep>
              <para>Make sure that there is a large quantity of rubber left.</para>
            </proceduralStep>
            <proceduralStep>
              <para>Make sure that the pad is not too hard.</para>
            </proceduralStep>
          </proceduralStep>
          <proceduralStep>
            <para>Clean all the unwanted material.</para>
          </proceduralStep>
        </proceduralStep>
        <proceduralStep>
          <para>Do an inspection of the installation of the brakes.</para>
          <proceduralStep>
            <para>Check the hydraulic brake system function.</para>
            <multimedia>
              <title>Hydraulic brake function</title>
              <multimediaObject autoPlay="1" fullScreen="0" infoEntityIdent="ICN-S1000DBIKE-AAA-DA10000-0-U8025-00537-A-03-1" multimediaType="other" />
            </multimedia>
          </proceduralStep>
          <proceduralStep>
            <para>Make sure that there is sufficient clearance between the pad and the inner diameter of the brake surface.</para>
          </proceduralStep>
          <proceduralStep>
            <caution>
              <warningAndCautionPara>
								If the position of the pads is too low on the rim, as shown in <internalRef internalRefId="fig-0001" internalRefTargetType="figure" xlink:actuate="onRequest" xlink:show="replace" xlink:href="#fig-0001" /> , the pads can move. This could cause the separation of the spokes from their mountings., they could slip off causing the spokes to be torn out of their mountings.
							</warningAndCautionPara>
            </caution>
            <figure id="fig-0001">
              <title>Brake pad seating</title>
              <graphic xlink:type="simple" xlink:href="URN:S1000D:ICN-S1000DBIKE-AAA-DA10000-0-U8025-00515-A-04-1" xlink:title="Brake pad seating" infoEntityIdent="ICN-S1000DBIKE-AAA-DA10000-0-U8025-00515-A-04-1" />
            </figure>
            <para>Make sure that the pads are correctly installed in the center of the inner diameter of the brake surface.</para>
          </proceduralStep>
        </proceduralStep>
        <proceduralStep>
          <para>Do a check of the tire pressure.</para>
          <proceduralStep>
            <para>
							Do a check of the tire pressure with the <internalRef internalRefId="seq-0001" internalRefTargetType="supequip" xlink:actuate="onRequest" xlink:show="replace" xlink:href="seq-0001" /> .
						</para>
          </proceduralStep>
          <proceduralStep>
            <para>Compare the value you read with the recommended pressure that is shown into the sidewall of the tire.</para>
          </proceduralStep>
          <proceduralStep>
            <para>Add the necessary air.</para>
          </proceduralStep>
        </proceduralStep>
        <proceduralStep>
          <para>Examine the condition of the wheels.</para>
          <proceduralStep>
            <para>Examine the rims for bulges and dents.</para>
          </proceduralStep>
          <proceduralStep>
            <para>Examine for splits at the seam where an extruded rim is bonded.</para>
          </proceduralStep>
        </proceduralStep>
        <proceduralStep>
          <para>Do a check of the headset bearings.</para>
          <proceduralStep>
            <para>Straddle the bicycle.</para>
            <para>Apply the front brakes and push the handle bars forward.</para>
          </proceduralStep>
          <proceduralStep>
            <para>Make sure that the headset bearings are tight.</para>
          </proceduralStep>
        </proceduralStep>
        <proceduralStep>
          <para>Do the checks on the chain.</para>
          <proceduralStep>
            <para>Visually examine the chain.</para>
            <para>
							If the chain is too dirty, clean it as specified in the clean chain task (refer to <dmRef xlink:type="simple" xlink:actuate="onRequest" xlink:show="replace" xlink:href="URN:S1000D:DMC-S1000DBIKE-AAA-DA4-10-00-00AA-251B-A"><dmRefIdent><dmCode modelIdentCode="S1000DBIKE" systemDiffCode="AAA" systemCode="DA4" subSystemCode="1" subSubSystemCode="0" assyCode="00" disassyCode="00" disassyCodeVariant="AA" infoCode="251" infoCodeVariant="B" itemLocationCode="A" /></dmRefIdent></dmRef> ).
						</para>
            <proceduralStep>
              <para>Visually examine the chain for links that are frozen or that do not move easily.</para>
            </proceduralStep>
            <proceduralStep>
              <para>
								Apply the necessary <internalRef internalRefId="sup-0001" internalRefTargetType="supply" xlink:actuate="onRequest" xlink:show="replace" xlink:href="sup-0001" /> .
							</para>
            </proceduralStep>
          </proceduralStep>
          <proceduralStep>
            <para>Do a check of the chain to make sure that it is tight.</para>
            <proceduralStep>
              <para>Make sure that the play of the chain is not too much.</para>
              <proceduralStep>
                <para>Move the chain on the largest chain ring.</para>
              </proceduralStep>
              <proceduralStep>
                <para>Try to pull the chain away from the front of the chain ring.</para>
                <para>Make sure that the chain is not loose. Tighten the chain if, when you pull it away from the chain ring, you can see a full tooth.</para>
              </proceduralStep>
            </proceduralStep>
            <proceduralStep>
              <para>
								Tighten the chain with the Allen wrench from the <internalRef internalRefId="seq-0002" internalRefTargetType="supequip" xlink:actuate="onRequest" xlink:show="replace" xlink:href="seq-0002" />.
							</para>
            </proceduralStep>
          </proceduralStep>
        </proceduralStep>
      </mainProcedure>
      <closeRqmts>
        <reqCondGroup>
          <noConds />
        </reqCondGroup>
      </closeRqmts>
    </procedure>
  </content>
</dmodule>
