<?xml version="1.0" encoding="UTF-8"?>
<!DOCTYPE dmodule>
<dmodule xmlns:dc="http://www.purl.org/dc/elements/1.1/" xmlns:rdf="http://www.w3.org/1999/02/22-rdf-syntax-ns#" xmlns:xlink="http://www.w3.org/1999/xlink" xmlns:xsi="http://www.w3.org/2001/XMLSchema-instance" xsi:noNamespaceSchemaLocation="http://www.s1000d.org/S1000D_4-0/xml_schema_flat/learning.xsd">
  <rdf:Description>
    <dc:creator>06RT9</dc:creator>
    <dc:title>Wheels - Description of how it is made: Knowledge Check</dc:title>
    <dc:subject>Wheels - Description of how it is made: Knowledge Check</dc:subject>
    <dc:publisher>06RT9</dc:publisher>
    <dc:contributor>06RT9</dc:contributor>
    <dc:date>2009-10-02</dc:date>
    <dc:type>text</dc:type>
    <dc:format>text/xml</dc:format>
    <dc:identifier>S1000DBIKE-AAA-DA0-00-00-00AA-041A-A-T61E_001-00</dc:identifier>
    <dc:language>en-US</dc:language>
    <dc:rights>01_cc51</dc:rights>
  </rdf:Description>
  <identAndStatusSection>
    <dmAddress>
      <dmIdent>
        <dmCode modelIdentCode="S1000DBIKE" systemDiffCode="AAA" systemCode="DA0" subSystemCode="0" subSubSystemCode="0" assyCode="00" disassyCode="00" disassyCodeVariant="AA" infoCode="041" infoCodeVariant="A" itemLocationCode="A" learnCode="T61" learnEventCode="E" />
        <language countryIsoCode="US" languageIsoCode="en" />
        <issueInfo issueNumber="001" inWork="00" />
      </dmIdent>
      <dmAddressItems>
        <issueDate year="2009" month="10" day="02" />
        <dmTitle>
          <techName>Wheels</techName>
          <infoName>Description of how it is made: Knowledge Check</infoName>
        </dmTitle>
      </dmAddressItems>
    </dmAddress>
    <dmStatus>
      <security securityClassification="01" />
      <responsiblePartnerCompany enterpriseCode="06RT9" />
      <originator />
      <applic>
        <displayText />
      </applic>
      <brexDmRef>
        <dmRef>
          <dmRefIdent>
            <dmCode modelIdentCode="S1000D" systemDiffCode="A" systemCode="04" subSystemCode="1" subSubSystemCode="0" assyCode="0301" disassyCode="00" disassyCodeVariant="A" infoCode="022" infoCodeVariant="A" itemLocationCode="D" />
            <issueInfo issueNumber="005" inWork="00" />
            <language languageIsoCode="en" countryIsoCode="US" />
          </dmRefIdent>
        </dmRef>
      </brexDmRef>
      <qualityAssurance>
        <unverified />
      </qualityAssurance>
      <systemBreakdownCode>DA000</systemBreakdownCode>
    </dmStatus>
  </identAndStatusSection>
  <content>
    <learning>
      <learningAssessment>
        <title>Knowledge Check</title>
        <lcInteraction>
          <lcMatching id="matching">
            <title />
            <lcQuestion>
              <description>
                <para>Use the drop-down menus to answer the questions, and then click CHECK</para>
              </description>
            </lcQuestion>
            <lcMatchTable>
              <!--<lcMatchingHeader>
                <lcItem>
                  <description>
                    <para>Team</para>
                  </description>
                </lcItem>
                <lcMatchingItem>
                  <description>
                    <para>City</para>
                  </description>
                </lcMatchingItem>
              </lcMatchingHeader>-->
              <lcMatchingPair>
                <lcItem>
                  <description>
                    <para>Which part of the hub assembly allows wheel components to rotate freely around the axle?</para>
                  </description>
                </lcItem>
                <lcMatchingItem>
                  <description>
                    <para>Bearings</para>
                  </description>
                </lcMatchingItem>
              </lcMatchingPair>
              <lcMatchingPair>
                <lcItem>
                  <description>
                    <para>To which part of the assembly are the spokes attached?</para>
                  </description>
                </lcItem>
                <lcMatchingItem>
                  <description>
                    <para>Hub shell</para>
                  </description>
                </lcMatchingItem>
              </lcMatchingPair>
              <lcMatchingPair>
                <lcItem>
                  <description>
                    <para>Which part of the hub assembly is attached to the dropouts?</para>
                  </description>
                </lcItem>
                <lcMatchingItem>
                  <description>
                    <para>Axle</para>
                  </description>
                </lcMatchingItem>
              </lcMatchingPair>
            </lcMatchTable>
            <lcFeedbackIncorrect>
              <description>
                <para>Incorrect. The correct matches are shown.</para>
              </description>
            </lcFeedbackIncorrect>
            <lcFeedbackCorrect>
              <description>
                <para>Correct!</para>
              </description>
            </lcFeedbackCorrect>
          </lcMatching>
        </lcInteraction>
      </learningAssessment>
    </learning>
  </content>
</dmodule>
