<?xml version="1.0" encoding="UTF-8"?>
<!DOCTYPE dmodule [
  <!NOTATION JPEG SYSTEM 'Joint Photographic Experts Group'>
  <!ENTITY ICN-S1000DBIKE-AAA-DA22000-A-06RT9-00017-A-001-01 SYSTEM 'media/ICN-S1000DBIKE-AAA-DA22000-A-06RT9-00017-A-001-01.jpg' NDATA JPEG>
]>
<dmodule xmlns:dc="http://www.purl.org/dc/elements/1.1/" xmlns:rdf="http://www.w3.org/1999/02/22-rdf-syntax-ns#" xmlns:xlink="http://www.w3.org/1999/xlink" xmlns:xsi="http://www.w3.org/2001/XMLSchema-instance" xsi:noNamespaceSchemaLocation="http://www.s1000d.org/S1000D_4-0/xml_schema_flat/learning.xsd">
  <rdf:Description>
    <dc:creator>06RT9</dc:creator>
    <dc:title>Handlebar - Install Procedures: Static content - Procedure Expositive</dc:title>
    <dc:subject>Handlebar - Install Procedures: Static content - Procedure Expositive</dc:subject>
    <dc:publisher>06RT9</dc:publisher>
    <dc:contributor>06RT9</dc:contributor>
    <dc:date>2009-07-30</dc:date>
    <dc:type>text</dc:type>
    <dc:format>text/xml</dc:format>
    <dc:identifier>S1000DBIKE-AAA-DA2-20-00-00AA-720A-A-T45C_001-00</dc:identifier>
    <dc:language>en-US</dc:language>
    <dc:rights>01_cc51</dc:rights>
  </rdf:Description>
  <identAndStatusSection>
    <dmAddress>
      <dmIdent>
        <dmCode modelIdentCode="S1000DBIKE" systemDiffCode="AAA" systemCode="DA2" subSystemCode="2" subSubSystemCode="0" assyCode="00" disassyCode="00" disassyCodeVariant="AA" infoCode="720" infoCodeVariant="A" itemLocationCode="A" learnCode="T45" learnEventCode="C" />
        <language countryIsoCode="US" languageIsoCode="en" />
        <issueInfo issueNumber="001" inWork="00" />
      </dmIdent>
      <dmAddressItems>
        <issueDate year="2009" month="07" day="30" />
        <dmTitle>
          <techName>Handlebar</techName>
          <infoName>Install Procedures: Static content - Procedure Expositive</infoName>
        </dmTitle>
      </dmAddressItems>
    </dmAddress>
    <dmStatus>
      <security securityClassification="01" />
      <responsiblePartnerCompany enterpriseCode="06RT9" />
      <originator />
      <applic>
        <displayText />
      </applic>
      <brexDmRef>
        <dmRef>
          <dmRefIdent>
            <dmCode modelIdentCode="S1000D" systemDiffCode="A" systemCode="04" subSystemCode="1" subSubSystemCode="0" assyCode="0301" disassyCode="00" disassyCodeVariant="A" infoCode="022" infoCodeVariant="A" itemLocationCode="D" />
            <issueInfo issueNumber="005" inWork="00" />
            <language languageIsoCode="en" countryIsoCode="US" />
          </dmRefIdent>
        </dmRef>
      </brexDmRef>
      <qualityAssurance>
        <unverified />
      </qualityAssurance>
      <systemBreakdownCode>DA220</systemBreakdownCode>
    </dmStatus>
  </identAndStatusSection>
  <content>
    <learning>
      <learningContent id="learncont-5b97ce60-8d23-4fb6-8121-89f873a62382">
        <title>Installing the Handlebar</title>
        <lcInstruction id="lci-c2a81c58-9799-4e1a-88c2-73362baea1c9">
          <description>
            <warning>
              <warningAndCautionPara>
					Do not ride the bicycle until the grips have become dry and are firmly held in position. If the grips are wet, your hands can move off the grips when you ride the bicycle
				</warningAndCautionPara>
            </warning>
            <warning>
              <warningAndCautionPara>Do not ride a bicycle with no grips on the handlebar.</warningAndCautionPara>
            </warning>
            <caution>
              <warningAndCautionPara>Do not ride a bicycle with no grips on the handlebar.</warningAndCautionPara>
            </caution>
            <figure>
              <title />
              <graphic infoEntityIdent="ICN-S1000DBIKE-AAA-DA22000-A-06RT9-00017-A-001-01" />
            </figure>
            <para>
              <emphasis>Step 1: </emphasis>Insert the handlebar into the stem, and tighten the clamp bolt with an Allen wrench. Make sure the handlebar is correctly aligned in the center of the stem, and tighten the clamp bolt.</para>
            <para>
              <emphasis>Step 2: </emphasis>Once the handlebar is in place, you can replace the brake levers and shifters. Slide the brake and shifter levers on the handlebar. Be sure that you do not catch the cables in either of the assemblies. Tighten the clamp bolt.</para>
            <para>
              <emphasis>Step 3: </emphasis>Place the brake lever mount on the handlebar, and tighten the clamp screw.</para>
            <para>
              <emphasis>Step 4: </emphasis>Now you can replace the handlebar grips. Apply extra-firm-hold hairspray to the handlebar grips area of the brake lever mount. Before the hairspray becomes dry, move the grips into the correct position. Make sure each grip protects the end of the handlebar. If they don't, install handlebar plugs.</para>
          </description>
        </lcInstruction>
      </learningContent>
    </learning>
  </content>
</dmodule>
