<?xml version="1.0" encoding="UTF-8"?>
<!DOCTYPE dmodule [
  <!NOTATION JPEG SYSTEM 'Joint Photographic Experts Group'>
  <!ENTITY ICN-S1000DBIKE-AAA-DA00000-A-06RT9-00093-A-001-01 SYSTEM 'media/ICN-S1000DBIKE-AAA-DA00000-A-06RT9-00093-A-001-01.jpg' NDATA JPEG>
]>
<dmodule xmlns:dc="http://www.purl.org/dc/elements/1.1/" xmlns:rdf="http://www.w3.org/1999/02/22-rdf-syntax-ns#" xmlns:xlink="http://www.w3.org/1999/xlink" xmlns:xsi="http://www.w3.org/2001/XMLSchema-instance" xsi:noNamespaceSchemaLocation="http://www.s1000d.org/S1000D_4-0/xml_schema_flat/learning.xsd">
  <rdf:Description>
    <dc:creator>06RT9</dc:creator>
    <dc:title>Front wheel - Fault reports and isolation procedures: Interactive content - Procedure</dc:title>
    <dc:subject>Front wheel - Fault reports and isolation procedures: Interactive content - Procedure</dc:subject>
    <dc:publisher>06RT9</dc:publisher>
    <dc:contributor>06RT9</dc:contributor>
    <dc:date>2009-10-02</dc:date>
    <dc:type>text</dc:type>
    <dc:format>text/xml</dc:format>
    <dc:identifier>S1000DBIKE-AAA-DA0-10-20-00AA-400A-A-T4JC_001-00</dc:identifier>
    <dc:language>en-US</dc:language>
    <dc:rights>01_cc51</dc:rights>
  </rdf:Description>
  <identAndStatusSection>
    <dmAddress>
      <dmIdent>
        <dmCode modelIdentCode="S1000DBIKE" systemDiffCode="AAA" systemCode="DA0" subSystemCode="1" subSubSystemCode="0" assyCode="20" disassyCode="00" disassyCodeVariant="AA" infoCode="400" infoCodeVariant="A" itemLocationCode="A" learnCode="T4J" learnEventCode="C" />
        <language countryIsoCode="US" languageIsoCode="en" />
        <issueInfo issueNumber="001" inWork="00" />
      </dmIdent>
      <dmAddressItems>
        <issueDate year="2009" month="10" day="02" />
        <dmTitle>
          <techName>Front wheel</techName>
          <infoName>Fault reports and isolation procedures: Interactive content - Procedure</infoName>
        </dmTitle>
      </dmAddressItems>
    </dmAddress>
    <dmStatus>
      <security securityClassification="01" />
      <responsiblePartnerCompany enterpriseCode="06RT9" />
      <originator />
      <applic>
        <displayText />
      </applic>
      <brexDmRef>
        <dmRef>
          <dmRefIdent>
            <dmCode modelIdentCode="S1000D" systemDiffCode="A" systemCode="04" subSystemCode="1" subSubSystemCode="0" assyCode="0301" disassyCode="00" disassyCodeVariant="A" infoCode="022" infoCodeVariant="A" itemLocationCode="D" />
            <issueInfo issueNumber="005" inWork="00" />
            <language languageIsoCode="en" countryIsoCode="US" />
          </dmRefIdent>
        </dmRef>
      </brexDmRef>
      <qualityAssurance>
        <unverified />
      </qualityAssurance>
      <systemBreakdownCode>DA010</systemBreakdownCode>
    </dmStatus>
  </identAndStatusSection>
  <content>
    <learning>
      <learningContent>
        <title>Front Wheel</title>
        <lcInstruction>
          <description>
            <figure>
              <title />
              <graphic infoEntityIdent="ICN-S1000DBIKE-AAA-DA00000-A-06RT9-00093-A-001-01" />
            </figure>
            <para> When the front wheel does not function properly, you should first visually inspect the entire assembly to see if you can determine the source of the malfunction. See if the tire is over or under inflated by checking the pressure with a tire-pressure gauge. Refer to your bike's user manual for the appropriate pressure for your particular bike.
				  </para>
            <para>
					  If the tire is over inflated, deflate it as necessary. If the tire is under inflated, inflate the tire (refer to <dmRef><dmRefIdent><dmCode modelIdentCode="S1000DBIKE" systemDiffCode="AAA" systemCode="DA0" subSystemCode="1" subSubSystemCode="0" assyCode="20" disassyCode="00" disassyCodeVariant="AA" infoCode="215" infoCodeVariant="A" itemLocationCode="A" learnCode="T4J" learnEventCode="C" /><issueInfo issueNumber="001" inWork="00" /></dmRefIdent><dmRefAddressItems><dmTitle><techName>
								  Tire
							  </techName><infoName>Fill with air</infoName></dmTitle></dmRefAddressItems><behavior linkShow="newPane" linkActuate="onRequest" /></dmRef>).
				  </para>
            <para>
					  Check the tire for damage.
				  </para>
            <para>
              <randomList>
                <listItem>
                  <para>Does the tire need to be replaced (Refer to <dmRef><dmRefIdent><dmCode modelIdentCode="S1000DBIKE" systemDiffCode="AAA" systemCode="DA0" subSystemCode="1" subSubSystemCode="0" assyCode="20" disassyCode="00" disassyCodeVariant="AA" infoCode="921" infoCodeVariant="A" itemLocationCode="A" learnCode="T4J" learnEventCode="C" /><issueInfo issueNumber="001" inWork="00" /></dmRefIdent><dmRefAddressItems><dmTitle><techName>
											  Tire
										  </techName><infoName>Remove and install a new item</infoName></dmTitle></dmRefAddressItems><behavior linkShow="newPane" linkActuate="onRequest" /></dmRef>)</para>
                </listItem>
                <listItem>
                  <para>Does the inner tube need to be replaced (Refer to <dmRef><dmRefIdent><dmCode modelIdentCode="S1000DBIKE" systemDiffCode="AAA" systemCode="DA0" subSystemCode="1" subSubSystemCode="0" assyCode="10" disassyCode="00" disassyCodeVariant="AA" infoCode="921" infoCodeVariant="A" itemLocationCode="A" learnCode="T4J" learnEventCode="C" /><issueInfo issueNumber="001" inWork="00" /></dmRefIdent><dmRefAddressItems><dmTitle><techName>
											  Inner tube
										  </techName><infoName>Remove and install a new item</infoName></dmTitle></dmRefAddressItems><behavior linkShow="newPane" linkActuate="onRequest" /></dmRef>)</para>
                </listItem>
              </randomList>
            </para>
          </description>
        </lcInstruction>
      </learningContent>
    </learning>
  </content>
</dmodule>
