<?xml version="1.0" encoding="UTF-8"?>
<!DOCTYPE dmodule [
  <!NOTATION JPEG SYSTEM 'Joint Photographic Experts Group'>
  <!ENTITY ICN-S1000DBIKE-AAA-DA51000-A-06RT9-00058-A-001-01 SYSTEM 'media/ICN-S1000DBIKE-AAA-DA51000-A-06RT9-00058-A-001-01.jpg' NDATA JPEG>
]>
<dmodule xmlns:dc="http://www.purl.org/dc/elements/1.1/" xmlns:rdf="http://www.w3.org/1999/02/22-rdf-syntax-ns#" xmlns:xlink="http://www.w3.org/1999/xlink" xmlns:xsi="http://www.w3.org/2001/XMLSchema-instance" xsi:noNamespaceSchemaLocation="http://www.s1000d.org/S1000D_4-0/xml_schema_flat/learning.xsd">
  <rdf:Description>
    <dc:creator>06RT9</dc:creator>
    <dc:title>Drive train - Description of how it is made:  Prerequisite concept review</dc:title>
    <dc:subject>Drive train - Description of how it is made:  Prerequisite concept review</dc:subject>
    <dc:publisher>06RT9</dc:publisher>
    <dc:contributor>06RT9</dc:contributor>
    <dc:date>2009-08-20</dc:date>
    <dc:type>text</dc:type>
    <dc:format>text/xml</dc:format>
    <dc:identifier>S1000DBIKE-AAA-DA4-00-00-00AA-041A-A-T36D_001-00</dc:identifier>
    <dc:language>en-US</dc:language>
    <dc:rights>01_cc51</dc:rights>
  </rdf:Description>
  <identAndStatusSection>
    <dmAddress>
      <dmIdent>
        <dmCode modelIdentCode="S1000DBIKE" systemDiffCode="AAA" systemCode="DA4" subSystemCode="0" subSubSystemCode="0" assyCode="00" disassyCode="00" disassyCodeVariant="AA" infoCode="041" infoCodeVariant="A" itemLocationCode="A" learnCode="T36" learnEventCode="D" />
        <language countryIsoCode="US" languageIsoCode="en" />
        <issueInfo issueNumber="001" inWork="00" />
      </dmIdent>
      <dmAddressItems>
        <issueDate year="2009" month="08" day="20" />
        <dmTitle>
          <techName>Drive train</techName>
          <infoName>Description of how it is made:  Prerequisite concept review</infoName>
        </dmTitle>
      </dmAddressItems>
    </dmAddress>
    <dmStatus>
      <security securityClassification="01" />
      <responsiblePartnerCompany enterpriseCode="06RT9" />
      <originator />
      <applic>
        <displayText />
      </applic>
      <brexDmRef>
        <dmRef>
          <dmRefIdent>
            <dmCode modelIdentCode="S1000D" systemDiffCode="A" systemCode="04" subSystemCode="1" subSubSystemCode="0" assyCode="0301" disassyCode="00" disassyCodeVariant="A" infoCode="022" infoCodeVariant="A" itemLocationCode="D" />
            <issueInfo issueNumber="005" inWork="00" />
            <language languageIsoCode="en" countryIsoCode="US" />
          </dmRefIdent>
        </dmRef>
      </brexDmRef>
      <qualityAssurance>
        <unverified />
      </qualityAssurance>
      <systemBreakdownCode>DA400</systemBreakdownCode>
    </dmStatus>
  </identAndStatusSection>
  <content>
    <learning>
      <learningSummary>
        <title>Summary</title>
        <lcSummary>
          <description>
            <!--<figure>
              <title></title>
              <graphic infoEntityIdent="ICN-S1000DBIKE-AAA-DA40000-A-06RT9-00058-A-001-01" />
            </figure>-->
            <para>Drive train components include the shifters, gears, derailleur, chain, and pedals. Each of these components works in unison to provide the bike's rider with a smooth ride. Most of the drive train components are located toward the bottom of the bike's frame. The exceptions to this are the shifters. The shifters can be found on the handlebar.</para>
            <figure>
              <title />
              <graphic infoEntityIdent="ICN-S1000DBIKE-AAA-DA51000-A-06RT9-00058-A-001-01" />
            </figure>
            <para>As you know, the rider uses the shifter to adjust the bike's gear ratio. This adjustment puts the derailleurs in motion, moving the chain from the different sprockets. This is done as the pedals turn the cranks, which, in turn, rotates the chain ring. The chain ring drives the chain, which rotates the rear wheel via the cassette or freewheels.  </para>
            <para>Now that you have completed this topic, you should be able to identify a bike's drive train components. </para>
          </description>
        </lcSummary>
      </learningSummary>
    </learning>
  </content>
</dmodule>
