<?xml version="1.0" encoding="UTF-8"?>
<dmodule xmlns:dc="http://www.purl.org/dc/elements/1.1/" xmlns:rdf="http://www.w3.org/1999/02/22-rdf-syntax-ns#" xmlns:xlink="http://www.w3.org/1999/xlink" xmlns:xsi="http://www.w3.org/2001/XMLSchema-instance" xsi:noNamespaceSchemaLocation="http://www.s1000d.org/S1000D_4-0/xml_schema_flat/learning.xsd">
  <rdf:Description>
    <dc:creator>U8025</dc:creator>
    <dc:title>Bicycle - Environmental analysis - Work environment: Organizational analysis - Vision statement</dc:title>
    <dc:subject>Bicycle - Environmental analysis - Work environment: Organizational analysis - Vision statement</dc:subject>
    <dc:publisher>06RT9</dc:publisher>
    <dc:contributor>06RT9</dc:contributor>
    <dc:date>2009-08-22</dc:date>
    <dc:type>text</dc:type>
    <dc:format>text/xml</dc:format>
    <dc:identifier>S1000DBIKE-AAA-D00-00-00-00AA-932A-A-H11A_001-00</dc:identifier>
    <dc:language>en-US</dc:language>
    <dc:rights>01_cc51</dc:rights>
  </rdf:Description>
  <identAndStatusSection>
    <dmAddress>
      <dmIdent>
        <dmCode modelIdentCode="S1000DBIKE" systemDiffCode="AAA" systemCode="D00" subSystemCode="0" subSubSystemCode="0" assyCode="00" disassyCode="00" disassyCodeVariant="AA" infoCode="932" infoCodeVariant="A" itemLocationCode="A" learnCode="H11" learnEventCode="A" />
        <language countryIsoCode="US" languageIsoCode="en" />
        <issueInfo issueNumber="001" inWork="00" />
      </dmIdent>
      <dmAddressItems>
        <issueDate year="2009" month="07" day="22" />
        <dmTitle>
          <techName>Bicycle</techName>
          <infoName>Environmental analysis - Work environment: Organizational analysis - Vision statement</infoName>
        </dmTitle>
      </dmAddressItems>
    </dmAddress>
    <dmStatus>
      <security securityClassification="01" />
      <responsiblePartnerCompany enterpriseCode="06RT9" />
      <originator />
      <applic>
        <displayText />
      </applic>
      <brexDmRef>
        <dmRef>
          <dmRefIdent>
            <dmCode modelIdentCode="S1000D" systemDiffCode="A" systemCode="04" subSystemCode="1" subSubSystemCode="0" assyCode="0301" disassyCode="00" disassyCodeVariant="A" infoCode="022" infoCodeVariant="A" itemLocationCode="D" />
            <issueInfo issueNumber="005" inWork="00" />
            <language languageIsoCode="en" countryIsoCode="US" />
          </dmRefIdent>
        </dmRef>
      </brexDmRef>
      <qualityAssurance>
        <unverified />
      </qualityAssurance>
      <systemBreakdownCode>D0000</systemBreakdownCode>
    </dmStatus>
  </identAndStatusSection>
  <content>
    <learning>
      <learningPlan>
        <lcNeedsAnalysis>
          <title />
          <lcOrganizational>
            <title>Organizational Analysis</title>
            <lcGeneralDescription>
              <description>
                <para>Like many courier companies, Speedy Couriers, Inc. is merely a hub for its couriers to check-in for pick-up and delivery requests. The more a courier checks-in, the more money he or she makes. The company deposits paychecks directly into each couriers personal bank account. Couriers are responsible for providing and maintaining their own bikes.  </para>
              </description>
            </lcGeneralDescription>
            <lcGoals>
              <description>
                <para>
                  <emphasis>Goals:</emphasis>
                </para>
                <para>The organization's success is dependent on the success of its couriers. A courier's success is dependent on the condition of his or her bike. The goal of this course is to provide training so that couriers can maintain their own bikes and avoid breakdowns. This allows the couriers the ability to make more pick-ups and deliveries.</para>
              </description>
            </lcGoals>
            <lcNeeds>
              <description>
                <para>
                  <emphasis>Needs:</emphasis>
                </para>
                <para>Couriers must meet the customers' expectations. Packages are to be picked up as scheduled and delivered to the appropriate party in a timely manner. In order to accomplish this, the courier's bike must be in good working order.</para>
              </description>
            </lcNeeds>
            <lcValues>
              <description>
                <para>
                  <emphasis>Values:</emphasis>
                </para>
                <para>Couriers should be goal oriented. They must exhibit the desire to meet the organization's expectations by completing their job tasks as assigned. The company believes this can be accomplished more effectively if couriers take and pass the Bike course. </para>
              </description>
            </lcValues>
            <lcOrgConstraints>
              <description>
                <para>
                  <emphasis>Constraints:</emphasis>
                </para>
                <para>There are no organizational constraints.</para>
              </description>
            </lcOrgConstraints>
          </lcOrganizational>
        </lcNeedsAnalysis>
        <lcTechnical />
      </learningPlan>
    </learning>
  </content>
</dmodule>
