<?xml version="1.0" encoding="UTF-8"?>
<dmodule xmlns:dc="http://www.purl.org/dc/elements/1.1/" xmlns:rdf="http://www.w3.org/1999/02/22-rdf-syntax-ns#" xmlns:xlink="http://www.w3.org/1999/xlink" xmlns:xsi="http://www.w3.org/2001/XMLSchema-instance" xsi:noNamespaceSchemaLocation="http://www.s1000d.org/S1000D_4-0/xml_schema_flat/learning.xsd">
  <rdf:Description>
    <dc:creator>06RT9</dc:creator>
    <dc:title>Drive train - Description of how it is made: Assessment</dc:title>
    <dc:subject>Drive train - Description of how it is made: Assessment</dc:subject>
    <dc:publisher>06RT9</dc:publisher>
    <dc:contributor>06RT9</dc:contributor>
    <dc:date>2009-08-20</dc:date>
    <dc:type>text</dc:type>
    <dc:format>text/xml</dc:format>
    <dc:identifier>S1000DBIKE-AAA-DA4-00-00-00AA-041A-A-T88E_001-00</dc:identifier>
    <dc:language>en-US</dc:language>
    <dc:rights>01_cc51</dc:rights>
  </rdf:Description>
  <identAndStatusSection>
    <dmAddress>
      <dmIdent>
        <dmCode modelIdentCode="S1000DBIKE" systemDiffCode="AAA" systemCode="DA4" subSystemCode="0" subSubSystemCode="0" assyCode="00" disassyCode="00" disassyCodeVariant="AA" infoCode="041" infoCodeVariant="A" itemLocationCode="A" learnCode="T88" learnEventCode="E" />
        <language countryIsoCode="US" languageIsoCode="en" />
        <issueInfo issueNumber="001" inWork="00" />
      </dmIdent>
      <dmAddressItems>
        <issueDate year="2009" month="08" day="20" />
        <dmTitle>
          <techName>Drive train</techName>
          <infoName>Description of how it is made: Assessment</infoName>
        </dmTitle>
      </dmAddressItems>
    </dmAddress>
    <dmStatus>
      <security securityClassification="01" />
      <responsiblePartnerCompany enterpriseCode="06RT9" />
      <originator />
      <applic>
        <displayText />
      </applic>
      <brexDmRef>
        <dmRef>
          <dmRefIdent>
            <dmCode modelIdentCode="S1000D" systemDiffCode="A" systemCode="04" subSystemCode="1" subSubSystemCode="0" assyCode="0301" disassyCode="00" disassyCodeVariant="A" infoCode="022" infoCodeVariant="A" itemLocationCode="D" />
            <issueInfo issueNumber="005" inWork="00" />
            <language languageIsoCode="en" countryIsoCode="US" />
          </dmRefIdent>
        </dmRef>
      </brexDmRef>
      <qualityAssurance>
        <unverified />
      </qualityAssurance>
      <systemBreakdownCode>DA400</systemBreakdownCode>
    </dmStatus>
  </identAndStatusSection>
  <content>
    <learning>
      <learningAssessment>
        <title>Post Test</title>
        <lcInteraction>
          <lcMultipleSelect>
            <lcQuestion>
              <description>
                <para>Select all answers that apply, and then click CHECK.</para>
                <para>What do you need to do to clean the drive train?</para>
              </description>
            </lcQuestion>
            <lcAnswerOptionGroup>
              <lcAnswerOption>
                <lcAnswerOptionContent>
                  <description>
                    <para>Dry the components with a clean, dry cloth.</para>
                  </description>
                </lcAnswerOptionContent>
                <lcCorrectResponse lcName="lcCorrectResponse" />
              </lcAnswerOption>
              <lcAnswerOption>
                <lcAnswerOptionContent>
                  <description>
                    <para>Remove excess dirt from the saddle.</para>
                  </description>
                </lcAnswerOptionContent>
              </lcAnswerOption>
              <lcAnswerOption>
                <lcAnswerOptionContent>
                  <description>
                    <para>Apply grease to the chain.</para>
                  </description>
                </lcAnswerOptionContent>
              </lcAnswerOption>
              <lcAnswerOption>
                <lcAnswerOptionContent>
                  <description>
                    <para>Remove caked on grime from the chain and sprockets.</para>
                  </description>
                </lcAnswerOptionContent>
                <lcCorrectResponse lcName="lcCorrectResponse" />
              </lcAnswerOption>
              <lcAnswerOption>
                <lcAnswerOptionContent>
                  <description>
                    <para>Apply degreasing agent to the chain, sprockets, derailleurs, and chain ring teeth.</para>
                  </description>
                </lcAnswerOptionContent>
                <lcCorrectResponse lcName="lcCorrectResponse" />
              </lcAnswerOption>
              <lcAnswerOption>
                <lcAnswerOptionContent>
                  <description>
                    <para>Rinse the components with water.</para>
                  </description>
                </lcAnswerOptionContent>
                <lcCorrectResponse lcName="lcCorrectResponse" />
              </lcAnswerOption>
            </lcAnswerOptionGroup>
          </lcMultipleSelect>
        </lcInteraction>
        <lcInteraction>
          <lcSingleSelect>
            <lcQuestion>
              <description>
                <para>Select your answer, and then click NEXT.</para>
                <para>The drive train is a bike's primary system for __________.</para>
              </description>
            </lcQuestion>
            <lcAnswerOptionGroup>
              <lcAnswerOption>
                <lcAnswerOptionContent>
                  <description>
                    <para>Braking</para>
                  </description>
                </lcAnswerOptionContent>
              </lcAnswerOption>
              <lcAnswerOption>
                <lcAnswerOptionContent>
                  <description>
                    <para>Movement</para>
                  </description>
                </lcAnswerOptionContent>
                <lcCorrectResponse lcName="lcCorrectResponse" />
              </lcAnswerOption>
              <lcAnswerOption>
                <lcAnswerOptionContent>
                  <description>
                    <para>Steering</para>
                  </description>
                </lcAnswerOptionContent>
              </lcAnswerOption>
              <lcAnswerOption>
                <lcAnswerOptionContent>
                  <description>
                    <para>Balance</para>
                  </description>
                </lcAnswerOptionContent>
              </lcAnswerOption>
            </lcAnswerOptionGroup>
          </lcSingleSelect>
        </lcInteraction>
        <lcInteraction>
          <lcMultipleSelect>
            <lcQuestion>
              <description>
                <para>Select all answers that apply, and then click CHECK.</para>
                <para>A typical drive train is composed of the:</para>
              </description>
            </lcQuestion>
            <lcAnswerOptionGroup>
              <lcAnswerOption>
                <lcAnswerOptionContent>
                  <description>
                    <para>Shifters</para>
                  </description>
                </lcAnswerOptionContent>
                <lcCorrectResponse lcName="lcCorrectResponse" />
              </lcAnswerOption>
              <lcAnswerOption>
                <lcAnswerOptionContent>
                  <description>
                    <para>Brake levers</para>
                  </description>
                </lcAnswerOptionContent>
              </lcAnswerOption>
              <lcAnswerOption>
                <lcAnswerOptionContent>
                  <description>
                    <para>Derailleurs</para>
                  </description>
                </lcAnswerOptionContent>
                <lcCorrectResponse lcName="lcCorrectResponse" />
              </lcAnswerOption>
              <lcAnswerOption>
                <lcAnswerOptionContent>
                  <description>
                    <para>Chain</para>
                  </description>
                </lcAnswerOptionContent>
                <lcCorrectResponse lcName="lcCorrectResponse" />
              </lcAnswerOption>
            </lcAnswerOptionGroup>
          </lcMultipleSelect>
        </lcInteraction>
        <lcInteraction>
          <lcMultipleSelect>
            <lcQuestion>
              <description>
                <para>Select all answers that apply, and then click CHECK.</para>
                <para>You have just cleaned your bike's drive train. What do you need to do to lubricate it?</para>
              </description>
            </lcQuestion>
            <lcAnswerOptionGroup>
              <lcAnswerOption>
                <lcAnswerOptionContent>
                  <description>
                    <para>Ensure the frame is clean and dry.</para>
                  </description>
                </lcAnswerOptionContent>
              </lcAnswerOption>
              <lcAnswerOption>
                <lcAnswerOptionContent>
                  <description>
                    <para>Ensure the chain is clean and dry.</para>
                  </description>
                </lcAnswerOptionContent>
                <lcCorrectResponse lcName="lcCorrectResponse" />
              </lcAnswerOption>
              <lcAnswerOption>
                <lcAnswerOptionContent>
                  <description>
                    <para>Apply lubricant to each roller of the chain.</para>
                  </description>
                </lcAnswerOptionContent>
                <lcCorrectResponse lcName="lcCorrectResponse" />
              </lcAnswerOption>
              <lcAnswerOption>
                <lcAnswerOptionContent>
                  <description>
                    <para>Apply lubricant to the headset.</para>
                  </description>
                </lcAnswerOptionContent>
              </lcAnswerOption>
              <lcAnswerOption>
                <lcAnswerOptionContent>
                  <description>
                    <para>Apply lubricant to the derailleur pivots and tension.</para>
                  </description>
                </lcAnswerOptionContent>
                <lcCorrectResponse lcName="lcCorrectResponse" />
              </lcAnswerOption>
              <lcAnswerOption>
                <lcAnswerOptionContent>
                  <description>
                    <para>Leave excess lubricant on the components to ensure full coverage.</para>
                  </description>
                </lcAnswerOptionContent>
              </lcAnswerOption>
            </lcAnswerOptionGroup>
          </lcMultipleSelect>
        </lcInteraction>
        <lcInteraction>
          <lcMultipleSelect>
            <lcQuestion>
              <description>
                <para>Select all answers that apply, and then click CHECK.</para>
                <para>Mountain bikes use a set of gears that include:</para>
              </description>
            </lcQuestion>
            <lcAnswerOptionGroup>
              <lcAnswerOption>
                <lcAnswerOptionContent>
                  <description>
                    <para>Chain rings</para>
                  </description>
                </lcAnswerOptionContent>
                <lcCorrectResponse lcName="lcCorrectResponse" />
              </lcAnswerOption>
              <lcAnswerOption>
                <lcAnswerOptionContent>
                  <description>
                    <para>Brake lever</para>
                  </description>
                </lcAnswerOptionContent>
              </lcAnswerOption>
              <lcAnswerOption>
                <lcAnswerOptionContent>
                  <description>
                    <para>Cassettes/cogs</para>
                  </description>
                </lcAnswerOptionContent>
                <lcCorrectResponse lcName="lcCorrectResponse" />
              </lcAnswerOption>
              <lcAnswerOption>
                <lcAnswerOptionContent>
                  <description>
                    <para>Stem</para>
                  </description>
                </lcAnswerOptionContent>
              </lcAnswerOption>
            </lcAnswerOptionGroup>
          </lcMultipleSelect>
        </lcInteraction>
        <lcInteraction>
          <lcSingleSelect>
            <lcQuestion>
              <description>
                <para>Select your answer, and then click CHECK.</para>
                <para>The front derailleur is installed on the bike's ___________.</para>
              </description>
            </lcQuestion>
            <lcAnswerOptionGroup>
              <lcAnswerOption>
                <lcAnswerOptionContent>
                  <description>
                    <para>Chain</para>
                  </description>
                </lcAnswerOptionContent>
              </lcAnswerOption>
              <lcAnswerOption>
                <lcAnswerOptionContent>
                  <description>
                    <para>Pedal</para>
                  </description>
                </lcAnswerOptionContent>
              </lcAnswerOption>
              <lcAnswerOption>
                <lcAnswerOptionContent>
                  <description>
                    <para>Seat Tube</para>
                  </description>
                </lcAnswerOptionContent>
                <lcCorrectResponse lcName="lcCorrectResponse" />
              </lcAnswerOption>
              <lcAnswerOption>
                <lcAnswerOptionContent>
                  <description>
                    <para>Shifter</para>
                  </description>
                </lcAnswerOptionContent>
              </lcAnswerOption>
            </lcAnswerOptionGroup>
          </lcSingleSelect>
        </lcInteraction>
        <lcInteraction>
          <lcSingleSelect>
            <lcQuestion>
              <description>
                <para>Select your answer, and then click CHECK.</para>
                <para>A mounting bolt connects the rear derailleur to the __________.</para>
              </description>
            </lcQuestion>
            <lcAnswerOptionGroup>
              <lcAnswerOption>
                <lcAnswerOptionContent>
                  <description>
                    <para>Frame</para>
                  </description>
                </lcAnswerOptionContent>
                <lcCorrectResponse lcName="lcCorrectResponse" />
              </lcAnswerOption>
              <lcAnswerOption>
                <lcAnswerOptionContent>
                  <description>
                    <para>Seat Tube</para>
                  </description>
                </lcAnswerOptionContent>
              </lcAnswerOption>
              <lcAnswerOption>
                <lcAnswerOptionContent>
                  <description>
                    <para>Chain</para>
                  </description>
                </lcAnswerOptionContent>
              </lcAnswerOption>
              <lcAnswerOption>
                <lcAnswerOptionContent>
                  <description>
                    <para>Wheel</para>
                  </description>
                </lcAnswerOptionContent>
              </lcAnswerOption>
            </lcAnswerOptionGroup>
          </lcSingleSelect>
        </lcInteraction>
        <lcInteraction>
          <lcSingleSelect>
            <lcQuestion>
              <description>
                <para>Select your answer, and then click CHECK.</para>
                <para>Thumb shifters are attached to the bike's __________.</para>
              </description>
            </lcQuestion>
            <lcAnswerOptionGroup>
              <lcAnswerOption>
                <lcAnswerOptionContent>
                  <description>
                    <para>Frame</para>
                  </description>
                </lcAnswerOptionContent>
              </lcAnswerOption>
              <lcAnswerOption>
                <lcAnswerOptionContent>
                  <description>
                    <para>Handle Bar</para>
                  </description>
                </lcAnswerOptionContent>
                <lcCorrectResponse lcName="lcCorrectResponse" />
              </lcAnswerOption>
              <lcAnswerOption>
                <lcAnswerOptionContent>
                  <description>
                    <para>Fork</para>
                  </description>
                </lcAnswerOptionContent>
              </lcAnswerOption>
              <lcAnswerOption>
                <lcAnswerOptionContent>
                  <description>
                    <para>Stem</para>
                  </description>
                </lcAnswerOptionContent>
              </lcAnswerOption>
            </lcAnswerOptionGroup>
          </lcSingleSelect>
        </lcInteraction>
      </learningAssessment>
    </learning>
  </content>
</dmodule>
