<?xml version="1.0" encoding="UTF-8"?>
<!DOCTYPE dmodule [
  <!NOTATION JPEG SYSTEM 'Joint Photographic Experts Group'>
  <!ENTITY ICN-S1000DBIKE-AAA-DA22000-A-06RT9-00015-A-001-01 SYSTEM 'media/ICN-S1000DBIKE-AAA-DA22000-A-06RT9-00015-A-001-01.jpg' NDATA JPEG>
  <!ENTITY ICN-S1000DBIKE-AAA-DA22000-A-06RT9-00016-A-001-01 SYSTEM 'media/ICN-S1000DBIKE-AAA-DA22000-A-06RT9-00016-A-001-01.jpg' NDATA JPEG>
]>
<dmodule xmlns:dc="http://www.purl.org/dc/elements/1.1/" xmlns:rdf="http://www.w3.org/1999/02/22-rdf-syntax-ns#" xmlns:xlink="http://www.w3.org/1999/xlink" xmlns:xsi="http://www.w3.org/2001/XMLSchema-instance" xsi:noNamespaceSchemaLocation="http://www.s1000d.org/S1000D_4-0/xml_schema_flat/learning.xsd">
  <rdf:Description>
    <dc:creator>06RT9</dc:creator>
    <dc:title>Handlebar - Remove Procedures: Static content - Procedure Expositive</dc:title>
    <dc:subject>Handlebar - Remove Procedures: Static content - Procedure Expositive</dc:subject>
    <dc:publisher>06RT9</dc:publisher>
    <dc:contributor>06RT9</dc:contributor>
    <dc:date>2009-07-30</dc:date>
    <dc:type>text</dc:type>
    <dc:format>text/xml</dc:format>
    <dc:identifier>S1000DBIKE-AAA-DA2-20-00-00AA-520A-A-T45C_001-00</dc:identifier>
    <dc:language>en-US</dc:language>
    <dc:rights>01_cc51</dc:rights>
  </rdf:Description>
  <identAndStatusSection>
    <dmAddress>
      <dmIdent>
        <dmCode modelIdentCode="S1000DBIKE" systemDiffCode="AAA" systemCode="DA2" subSystemCode="2" subSubSystemCode="0" assyCode="00" disassyCode="00" disassyCodeVariant="AA" infoCode="520" infoCodeVariant="A" itemLocationCode="A" learnCode="T45" learnEventCode="C" />
        <language countryIsoCode="US" languageIsoCode="en" />
        <issueInfo issueNumber="001" inWork="00" />
      </dmIdent>
      <dmAddressItems>
        <issueDate year="2009" month="07" day="30" />
        <dmTitle>
          <techName>Handlebar</techName>
          <infoName>Remove Procedures: Static content - Procedure Expositive</infoName>
        </dmTitle>
      </dmAddressItems>
    </dmAddress>
    <dmStatus>
      <security securityClassification="01" />
      <responsiblePartnerCompany enterpriseCode="06RT9" />
      <originator />
      <applic>
        <displayText />
      </applic>
      <brexDmRef>
        <dmRef>
          <dmRefIdent>
            <dmCode modelIdentCode="S1000D" systemDiffCode="A" systemCode="04" subSystemCode="1" subSubSystemCode="0" assyCode="0301" disassyCode="00" disassyCodeVariant="A" infoCode="022" infoCodeVariant="A" itemLocationCode="D" />
            <issueInfo issueNumber="005" inWork="00" />
            <language languageIsoCode="en" countryIsoCode="US" />
          </dmRefIdent>
        </dmRef>
      </brexDmRef>
      <qualityAssurance>
        <unverified />
      </qualityAssurance>
      <systemBreakdownCode>DA220</systemBreakdownCode>
    </dmStatus>
  </identAndStatusSection>
  <content>
    <learning>
      <learningContent id="learncont-6ab651ff-c821-4a59-9c69-4037e66080bb">
        <title>Removing the Handlebar</title>
        <lcInstruction id="lci-69a14206-fb52-4573-9fa3-6279582132e5">
          <description>
            <warning>
              <warningAndCautionPara>Do not ride a bicycle with no grips on the handlebar. This can cause your hands to slip.</warningAndCautionPara>
            </warning>
            <para>In order to remove the handlebar, you must first remove any attachments. Begin by removing the grips. Place a long, thin screwdriver below the grip, and apply water between the grip and the handlebar. Turn the grip forward and backward to loosen, and then pull it off the end of the handlebar.</para>
            <para>Next, you need to remove the brake and the shift levers. To do this, loosen the clamp screw. The clamp screw can be found either behind or below the brake lever. Loosen the clamp screw with the Allen wrench, and remove the lever and the mount from the handlebar. Loosen the clamp bolt, and remove the shifter from the handlebar.</para>
            <figure>
              <title />
              <graphic infoEntityIdent="ICN-S1000DBIKE-AAA-DA22000-A-06RT9-00015-A-001-01" />
            </figure>
            <para>To remove the handlebar, use an Allen wrench to loosen the clamp bolt. Move the handlebar out of the stem.</para>
            <figure>
              <title />
              <graphic infoEntityIdent="ICN-S1000DBIKE-AAA-DA22000-A-06RT9-00016-A-001-01" />
            </figure>
          </description>
        </lcInstruction>
      </learningContent>
    </learning>
  </content>
</dmodule>
