<?xml version="1.0" encoding="UTF-8"?>
<!DOCTYPE dmodule [
  <!NOTATION SWF SYSTEM "http://www.macromedia.com/software/flash">
  <!ENTITY ICN-S1000DBIKE-AAA-DA23000-A-06RT9-00020-A-001-01 SYSTEM 'media/ICN-S1000DBIKE-AAA-DA23000-A-06RT9-00020-A-001-01.swf' NDATA SWF>
]>
<dmodule xmlns:dc="http://www.purl.org/dc/elements/1.1/" xmlns:rdf="http://www.w3.org/1999/02/22-rdf-syntax-ns#" xmlns:xlink="http://www.w3.org/1999/xlink" xmlns:xsi="http://www.w3.org/2001/XMLSchema-instance" xsi:noNamespaceSchemaLocation="http://www.s1000d.org/S1000D_4-0/xml_schema_flat/learning.xsd">
  <rdf:Description>
    <dc:creator>06RT9</dc:creator>
    <dc:title>Headset - Install Procedures: Static content - Procedure Expositive</dc:title>
    <dc:subject>Headset - Install Procedures: Static content - Procedure Expositive</dc:subject>
    <dc:publisher>06RT9</dc:publisher>
    <dc:contributor>06RT9</dc:contributor>
    <dc:date>2009-07-30</dc:date>
    <dc:type>text</dc:type>
    <dc:format>text/xml</dc:format>
    <dc:identifier>S1000DBIKE-AAA-DA2-30-00-00AA-720A-A-T45C_001-00</dc:identifier>
    <dc:language>en-US</dc:language>
    <dc:rights>01_cc51</dc:rights>
  </rdf:Description>
  <identAndStatusSection>
    <dmAddress>
      <dmIdent>
        <dmCode modelIdentCode="S1000DBIKE" systemDiffCode="AAA" systemCode="DA2" subSystemCode="3" subSubSystemCode="0" assyCode="00" disassyCode="00" disassyCodeVariant="AA" infoCode="720" infoCodeVariant="A" itemLocationCode="A" learnCode="T45" learnEventCode="C" />
        <language countryIsoCode="US" languageIsoCode="en" />
        <issueInfo issueNumber="001" inWork="00" />
      </dmIdent>
      <dmAddressItems>
        <issueDate year="2009" month="07" day="30" />
        <dmTitle>
          <techName>Headset</techName>
          <infoName>Install Procedures: Static content - Procedure Expositive</infoName>
        </dmTitle>
      </dmAddressItems>
    </dmAddress>
    <dmStatus>
      <security securityClassification="01" />
      <responsiblePartnerCompany enterpriseCode="06RT9" />
      <originator />
      <applic>
        <displayText />
      </applic>
      <brexDmRef>
        <dmRef>
          <dmRefIdent>
            <dmCode modelIdentCode="S1000D" systemDiffCode="A" systemCode="04" subSystemCode="1" subSubSystemCode="0" assyCode="0301" disassyCode="00" disassyCodeVariant="A" infoCode="022" infoCodeVariant="A" itemLocationCode="D" />
            <issueInfo issueNumber="005" inWork="00" />
            <language languageIsoCode="en" countryIsoCode="US" />
          </dmRefIdent>
        </dmRef>
      </brexDmRef>
      <qualityAssurance>
        <unverified />
      </qualityAssurance>
      <systemBreakdownCode>DA230</systemBreakdownCode>
    </dmStatus>
  </identAndStatusSection>
  <content>
    <learning>
      <learningContent id="learncont-75b9c9c7-27b0-41f8-8857-e26f782df8b6">
        <title>
          <emphasis>Installing the Headset</emphasis>
        </title>
        <lcInstruction id="lci-dee92e2f-6efd-40b5-bf92-a89c82143fab">
          <description>
            <para>Install the frame fork on the frame.</para>
            <para>Install the upper bearing cup.</para>
            <para>Install the components that follow on the steerer tube: </para>
            <para>
              <randomList>
                <listItem>
                  <para>Brake cable hangar</para>
                </listItem>
                <listItem>
                  <para>Dust seal</para>
                </listItem>
                <listItem>
                  <para>Conical expansion washer(s)</para>
                </listItem>
              </randomList>
            </para>
            <para>
Install the stem (refer to <dmRef xlink:type="simple" xlink:actuate="onRequest" xlink:show="new" xlink:href="URN:S1000D:DMC-S1000DBIKE-AAA-DA2-10-00-00AA-720A-T-T45-C_001-00"><dmRefIdent><dmCode modelIdentCode="S1000DBIKE" systemDiffCode="AAA" systemCode="DA2" subSystemCode="1" subSubSystemCode="0" assyCode="00" disassyCode="00" disassyCodeVariant="AA" infoCode="720" infoCodeVariant="A" itemLocationCode="A" learnCode="T45" learnEventCode="C" /></dmRefIdent><dmRefAddressItems><dmTitle><techName>Stem</techName><infoName>Install procedures</infoName></dmTitle></dmRefAddressItems><behavior linkShow="newPane" linkActuate="onRequest" /></dmRef>).
									</para>
            <figure>
              <title />
              <graphic infoEntityIdent="ICN-S1000DBIKE-AAA-DA23000-A-06RT9-00020-A-001-01" />
            </figure>
            <para>
              <emphasis>Click PLAY to view the video.</emphasis>
            </para>
          </description>
        </lcInstruction>
      </learningContent>
    </learning>
  </content>
</dmodule>
