<?xml version="1.0" encoding="UTF-8"?>
<!DOCTYPE dmodule [
  <!NOTATION SWF SYSTEM "http://www.macromedia.com/software/flash">
  <!ENTITY ICN-S1000DBIKE-AAA-DA21000-A-06RT9-00022-A-001-01 SYSTEM 'media/ICN-S1000DBIKE-AAA-DA21000-A-06RT9-00022-A-001-01.swf' NDATA SWF>
]>
<dmodule xmlns:dc="http://www.purl.org/dc/elements/1.1/" xmlns:rdf="http://www.w3.org/1999/02/22-rdf-syntax-ns#" xmlns:xlink="http://www.w3.org/1999/xlink" xmlns:xsi="http://www.w3.org/2001/XMLSchema-instance" xsi:noNamespaceSchemaLocation="http://www.s1000d.org/S1000D_4-0/xml_schema_flat/learning.xsd">
  <rdf:Description>
    <dc:creator>06RT9</dc:creator>
    <dc:title>Stem - Remove Procedures: Static content - Procedure Expositive</dc:title>
    <dc:subject>Stem - Remove Procedures: Static content - Procedure Expositive</dc:subject>
    <dc:publisher>06RT9</dc:publisher>
    <dc:contributor>06RT9</dc:contributor>
    <dc:date>2009-07-30</dc:date>
    <dc:type>text</dc:type>
    <dc:format>text/xml</dc:format>
    <dc:identifier>S1000DBIKE-AAA-DA2-10-00-00AA-520A-A-T45C_001-00</dc:identifier>
    <dc:language>en-US</dc:language>
    <dc:rights>01_cc51</dc:rights>
  </rdf:Description>
  <identAndStatusSection>
    <dmAddress>
      <dmIdent>
        <dmCode modelIdentCode="S1000DBIKE" systemDiffCode="AAA" systemCode="DA2" subSystemCode="1" subSubSystemCode="0" assyCode="00" disassyCode="00" disassyCodeVariant="AA" infoCode="520" infoCodeVariant="A" itemLocationCode="A" learnCode="T45" learnEventCode="C" />
        <language countryIsoCode="US" languageIsoCode="en" />
        <issueInfo issueNumber="001" inWork="00" />
      </dmIdent>
      <dmAddressItems>
        <issueDate year="2009" month="07" day="30" />
        <dmTitle>
          <techName>Stem</techName>
          <infoName>Remove Procedures: Static content - Procedure Expositive</infoName>
        </dmTitle>
      </dmAddressItems>
    </dmAddress>
    <dmStatus>
      <security securityClassification="01" />
      <responsiblePartnerCompany enterpriseCode="06RT9" />
      <originator />
      <applic>
        <displayText />
      </applic>
      <brexDmRef>
        <dmRef>
          <dmRefIdent>
            <dmCode modelIdentCode="S1000D" systemDiffCode="A" systemCode="04" subSystemCode="1" subSubSystemCode="0" assyCode="0301" disassyCode="00" disassyCodeVariant="A" infoCode="022" infoCodeVariant="A" itemLocationCode="D" />
            <issueInfo issueNumber="005" inWork="00" />
            <language languageIsoCode="en" countryIsoCode="US" />
          </dmRefIdent>
        </dmRef>
      </brexDmRef>
      <qualityAssurance>
        <unverified />
      </qualityAssurance>
      <systemBreakdownCode>DA210</systemBreakdownCode>
    </dmStatus>
  </identAndStatusSection>
  <content>
    <learning>
      <learningContent id="learncont-d7f467ee-c958-4cc8-a784-6ae3ac8bc1fd">
        <title>Removing the Stem</title>
        <lcInstruction id="lci-d99a2686-ae9e-44b8-b5a5-5a36975f96d1">
          <description>
            <para>
To remove the stem, first remove the handlebar (refer to <dmRef xlink:type="simple" xlink:actuate="onRequest" xlink:show="new" xlink:href="URN:S1000D:DMC-S1000DBIKE-AAA-DA2-20-00-00AA-520A-T-T45-C_001-00"><dmRefIdent><dmCode modelIdentCode="S1000DBIKE" systemDiffCode="AAA" systemCode="DA2" subSystemCode="2" subSubSystemCode="0" assyCode="00" disassyCode="00" disassyCodeVariant="AA" infoCode="520" infoCodeVariant="A" itemLocationCode="A" learnCode="T45" learnEventCode="C" /></dmRefIdent><dmRefAddressItems><dmTitle><techName>Handlebar</techName><infoName>Remove procedures</infoName></dmTitle></dmRefAddressItems><behavior linkShow="newPane" linkActuate="onRequest" /></dmRef>).
			</para>
            <para>Next, remove the bolt in the center of the stem cap. Use an Allen wrench to loosen the stem cap bolt.</para>
            <para>Remove the clamp bolts.</para>
            <para>Remove the stem from the steerer tube.</para>
            <note>
              <notePara>Do not tighten the stem bolt too much. You can cause damage to the headset bearings if you tighten the stem too much.</notePara>
            </note>
            <figure>
              <title />
              <graphic infoEntityIdent="ICN-S1000DBIKE-AAA-DA21000-A-06RT9-00022-A-001-01" />
            </figure>
            <para>
              <emphasis>Click PLAY to view the video.</emphasis>
            </para>
          </description>
        </lcInstruction>
      </learningContent>
    </learning>
  </content>
</dmodule>
