<?xml version="1.0" encoding="UTF-8"?>
<!DOCTYPE dmodule [
  <!NOTATION JPEG SYSTEM 'Joint Photographic Experts Group'>
  <!ENTITY ICN-S1000DBIKE-AAA-D000000-A-06RT9-00170-A-001-01 SYSTEM 'media/ICN-S1000DBIKE-AAA-D000000-A-06RT9-00170-A-001-01.jpg' NDATA JPEG>
]>
<dmodule xmlns:dc="http://www.purl.org/dc/elements/1.1/" xmlns:rdf="http://www.w3.org/1999/02/22-rdf-syntax-ns#" xmlns:xlink="http://www.w3.org/1999/xlink" xmlns:xsi="http://www.w3.org/2001/XMLSchema-instance" xsi:noNamespaceSchemaLocation="http://www.s1000d.org/S1000D_4-0/xml_schema_flat/learning.xsd">
  <rdf:Description>
    <dc:creator>06RT9</dc:creator>
    <dc:title>Bicycle - Operation: Enabling objective - Motor skill</dc:title>
    <dc:subject>Bicycle - Operation: Enabling objective - Motor skill</dc:subject>
    <dc:publisher>06RT9</dc:publisher>
    <dc:contributor>06RT9</dc:contributor>
    <dc:date>2009-10-19</dc:date>
    <dc:type>text</dc:type>
    <dc:format>text/xml</dc:format>
    <dc:identifier>S1000DBIKE-AAA-D00-00-00-00AA-100A-A-T2GC_001-00</dc:identifier>
    <dc:language>en-US</dc:language>
    <dc:rights>01_cc51</dc:rights>
  </rdf:Description>
  <identAndStatusSection>
    <dmAddress>
      <dmIdent>
        <dmCode modelIdentCode="S1000DBIKE" systemDiffCode="AAA" systemCode="D00" subSystemCode="0" subSubSystemCode="0" assyCode="00" disassyCode="00" disassyCodeVariant="AA" infoCode="100" infoCodeVariant="A" itemLocationCode="A" learnCode="T2G" learnEventCode="C" />
        <language countryIsoCode="US" languageIsoCode="en" />
        <issueInfo issueNumber="001" inWork="00" />
      </dmIdent>
      <dmAddressItems>
        <issueDate year="2009" month="10" day="19" />
        <dmTitle>
          <techName>Bicycle</techName>
          <infoName>Operation: Enabling objective - Motor skill</infoName>
        </dmTitle>
      </dmAddressItems>
    </dmAddress>
    <dmStatus>
      <security securityClassification="01" />
      <responsiblePartnerCompany enterpriseCode="06RT9" />
      <originator />
      <applic>
        <displayText />
      </applic>
      <brexDmRef>
        <dmRef>
          <dmRefIdent>
            <dmCode modelIdentCode="S1000D" systemDiffCode="A" systemCode="04" subSystemCode="1" subSubSystemCode="0" assyCode="0301" disassyCode="00" disassyCodeVariant="A" infoCode="022" infoCodeVariant="A" itemLocationCode="D" />
            <issueInfo issueNumber="005" inWork="00" />
            <language languageIsoCode="en" countryIsoCode="US" />
          </dmRefIdent>
        </dmRef>
      </brexDmRef>
      <qualityAssurance>
        <unverified />
      </qualityAssurance>
      <systemBreakdownCode>D0000</systemBreakdownCode>
    </dmStatus>
  </identAndStatusSection>
  <content>
    <learning>
      <learningContent>
        <title>Introduction</title>
        <lcInstruction>
          <description>
            <figure>
              <title />
              <graphic infoEntityIdent="ICN-S1000DBIKE-AAA-D000000-A-06RT9-00170-A-001-01" />
            </figure>
            <para>Whether you are riding your bike for business or pleasure, you should always follow a few pre-operation procedures prior to each ride. A routine pre-operation inspection will help you avoid breaking down during your ride. Pre-operation inspections typically include a check of the brakes, the wheels and the tires, and the chain. These components should all be in good working order.</para>
            <para>Once you've completed your ride, you should check your bike to see if it needs cleaning and/or lubricating. A clean, well-lubricated bike will last much longer than one that is left neglected.</para>
            <para>This topic provides information related to pre- and post-operation procedures.</para>
            <para>
              <emphasis>Objective: Given pre and post operation procedures, you will be able to prepare a bike for operation with 80 percent accuracy.</emphasis>
            </para>
          </description>
        </lcInstruction>
      </learningContent>
    </learning>
  </content>
</dmodule>
