<?xml version="1.0" encoding="UTF-8"?>
<!DOCTYPE dmodule [
  <!NOTATION JPEG SYSTEM 'Joint Photographic Experts Group'>
  <!ENTITY ICN-S1000DBIKE-AAA-DA00000-A-06RT9-00098-A-001-01 SYSTEM 'media/ICN-S1000DBIKE-AAA-DA00000-A-06RT9-00098-A-001-01.jpg' NDATA JPEG>
]>
<dmodule xmlns:dc="http://www.purl.org/dc/elements/1.1/" xmlns:rdf="http://www.w3.org/1999/02/22-rdf-syntax-ns#" xmlns:xlink="http://www.w3.org/1999/xlink" xmlns:xsi="http://www.w3.org/2001/XMLSchema-instance" xsi:noNamespaceSchemaLocation="http://www.s1000d.org/S1000D_4-0/xml_schema_flat/learning.xsd">
  <rdf:Description>
    <dc:creator>06RT9</dc:creator>
    <dc:title>Hubs - Clean with degreasing agent: Static content - Procedure Expositive</dc:title>
    <dc:subject>Hubs - Clean with degreasing agent: Static content - Procedure Expositive</dc:subject>
    <dc:publisher>06RT9</dc:publisher>
    <dc:contributor>06RT9</dc:contributor>
    <dc:date>2009-10-02</dc:date>
    <dc:type>text</dc:type>
    <dc:format>text/xml</dc:format>
    <dc:identifier>S1000DBIKE-AAA-DA5-20-00-00AA-251C-A-T45C_001-00</dc:identifier>
    <dc:language>en-US</dc:language>
    <dc:rights>01_cc51</dc:rights>
  </rdf:Description>
  <identAndStatusSection>
    <dmAddress>
      <dmIdent>
        <dmCode modelIdentCode="S1000DBIKE" systemDiffCode="AAA" systemCode="DA5" subSystemCode="2" subSubSystemCode="0" assyCode="00" disassyCode="00" disassyCodeVariant="AA" infoCode="251" infoCodeVariant="C" itemLocationCode="A" learnCode="T45" learnEventCode="C" />
        <language countryIsoCode="US" languageIsoCode="en" />
        <issueInfo issueNumber="001" inWork="00" />
      </dmIdent>
      <dmAddressItems>
        <issueDate year="2009" month="10" day="02" />
        <dmTitle>
          <techName>Hubs</techName>
          <infoName>Clean with degreasing agent: Static content - Procedure Expositive</infoName>
        </dmTitle>
      </dmAddressItems>
    </dmAddress>
    <dmStatus>
      <security securityClassification="01" />
      <responsiblePartnerCompany enterpriseCode="06RT9" />
      <originator />
      <applic>
        <displayText />
      </applic>
      <brexDmRef>
        <dmRef>
          <dmRefIdent>
            <dmCode modelIdentCode="S1000D" systemDiffCode="A" systemCode="04" subSystemCode="1" subSubSystemCode="0" assyCode="0301" disassyCode="00" disassyCodeVariant="A" infoCode="022" infoCodeVariant="A" itemLocationCode="D" />
            <issueInfo issueNumber="005" inWork="00" />
            <language languageIsoCode="en" countryIsoCode="US" />
          </dmRefIdent>
        </dmRef>
      </brexDmRef>
      <qualityAssurance>
        <unverified />
      </qualityAssurance>
      <systemBreakdownCode>DA520</systemBreakdownCode>
    </dmStatus>
  </identAndStatusSection>
  <content>
    <learning>
      <learningContent>
        <title>Maintaining the Hubs</title>
        <lcInstruction>
          <description>
            <para>
					  The axle, bearings, and hub shell make up the hubs. To clean the hubs, first remove the axle. Begin by using the cone wrench from the specialist tool set, and remove the locknut from one side of the axle. Remove the washer and the cone from the axle.
				  </para>
            <para>Pull the axle out from the other side as shown in the figure below. Take care when removing the axle, because the bearings may fall out. Be prepared to catch them if they do. You do not want to lose any of the bearings from the hub. Missing bearings can cause damage to the hub.
				  </para>
            <figure>
              <title />
              <graphic infoEntityIdent="ICN-S1000DBIKE-AAA-DA00000-A-06RT9-00098-A-001-01" />
            </figure>
            <para>Once the axle is removed, remove the bearings. Use a small screwdriver from the specialist tool set, and remove the bearings from their races. Make sure that each side of the hub has the same number of bearings.
				  </para>
            <para>Use the degreasing agent, and clean all the parts of the hub.
				  </para>
            <para>
					  Before you put the hub back together, check the axle to make sure it is straight. Examine the bearing contact area on the cones and the races in the hub for pitting and other signs of damage. Be sure to check the ball bearings for any signs of damage.
				  </para>
            <para>
					  After you have cleaned and inspected the hub components, apply a large quantity of general grease on each hub race.
				  </para>
            <para>
					  Now you are ready to assemble the hub. Place the ball bearings into the races, and push them into the grease. Apply more grease on the tops of the bearings.
				  </para>
            <para>Replace the axle by sliding it through the hub. Install the cone, washer, and locknut on the other side of the axle. Using the cone wrench from the specialist tool set, carefully tighten the locknut.</para>
          </description>
        </lcInstruction>
      </learningContent>
    </learning>
  </content>
</dmodule>
