<?xml version="1.0" encoding="UTF-8"?>
<!DOCTYPE dmodule [
  <!NOTATION JPEG SYSTEM 'Joint Photographic Experts Group'>
  <!ENTITY ICN-S1000DBIKE-AAA-D000000-A-06RT9-00173-A-001-01 SYSTEM 'media/ICN-S1000DBIKE-AAA-D000000-A-06RT9-00173-A-001-01.jpg' NDATA JPEG>
]>
<dmodule xmlns:dc="http://www.purl.org/dc/elements/1.1/" xmlns:rdf="http://www.w3.org/1999/02/22-rdf-syntax-ns#" xmlns:xlink="http://www.w3.org/1999/xlink" xmlns:xsi="http://www.w3.org/2001/XMLSchema-instance" xsi:noNamespaceSchemaLocation="http://www.s1000d.org/S1000D_4-0/xml_schema_flat/learning.xsd">
  <rdf:Description>
    <dc:creator>06RT9</dc:creator>
    <dc:title>Bicycle - Post-operation procedures (crew)</dc:title>
    <dc:subject>Bicycle - Post-operation procedures (crew)</dc:subject>
    <dc:publisher>06RT9</dc:publisher>
    <dc:contributor>06RT9</dc:contributor>
    <dc:date>2009-10-19</dc:date>
    <dc:type>text</dc:type>
    <dc:format>text/xml</dc:format>
    <dc:identifier>S1000DBIKE-AAA-D00-00-00-00AA-151A-A-T45C_001-00</dc:identifier>
    <dc:language>en-US</dc:language>
    <dc:rights>01_cc51</dc:rights>
  </rdf:Description>
  <identAndStatusSection>
    <dmAddress>
      <dmIdent>
        <dmCode modelIdentCode="S1000DBIKE" systemDiffCode="AAA" systemCode="D00" subSystemCode="0" subSubSystemCode="0" assyCode="00" disassyCode="00" disassyCodeVariant="AA" infoCode="151" infoCodeVariant="A" itemLocationCode="A" learnCode="T45" learnEventCode="C" />
        <language countryIsoCode="US" languageIsoCode="en" />
        <issueInfo issueNumber="001" inWork="00" />
      </dmIdent>
      <dmAddressItems>
        <issueDate year="2009" month="10" day="19" />
        <dmTitle>
          <techName>Bicycle</techName>
          <infoName>Post-operation procedures (crew)</infoName>
        </dmTitle>
      </dmAddressItems>
    </dmAddress>
    <dmStatus>
      <security securityClassification="01" />
      <responsiblePartnerCompany enterpriseCode="06RT9" />
      <originator />
      <applic>
        <displayText />
      </applic>
      <brexDmRef>
        <dmRef>
          <dmRefIdent>
            <dmCode modelIdentCode="S1000D" systemDiffCode="A" systemCode="04" subSystemCode="1" subSubSystemCode="0" assyCode="0301" disassyCode="00" disassyCodeVariant="A" infoCode="022" infoCodeVariant="A" itemLocationCode="D" />
            <issueInfo issueNumber="005" inWork="00" />
            <language languageIsoCode="en" countryIsoCode="US" />
          </dmRefIdent>
        </dmRef>
      </brexDmRef>
      <qualityAssurance>
        <unverified />
      </qualityAssurance>
      <systemBreakdownCode>D0000</systemBreakdownCode>
    </dmStatus>
  </identAndStatusSection>
  <content>
    <learning>
      <learningContent>
        <title>Post-Operation Procedures</title>
        <lcInstruction>
          <description>
            <para>After a long day of riding or after several short rides, you should clean your bicycle. Clean the bicycle with water. Use a brush from the specialist tool set to clean the brakes, shift levers, sprockets, and tires.</para>
            <figure>
              <title />
              <graphic infoEntityIdent="ICN-S1000DBIKE-AAA-D000000-A-06RT9-00173-A-001-01" />
            </figure>
            <para>Allow the bicycle to dry, and lubricate those areas that require lubrication.</para>
            <para>Spray the lubricant onto the following moving parts:
				  <randomList><listItem><para>
							  Brake pivots
						  </para></listItem><listItem><para>
							  Derailleur pivots
						  </para></listItem><listItem><para>
							  Derailleur tension guides
						  </para></listItem><listItem><para>
							  Brake-lever pivots
						  </para></listItem><listItem><para>
							  Control cables
						  </para></listItem><listItem><para>
							  Gear sprockets
						  </para></listItem><listItem><para>
							  Chain
						  </para></listItem></randomList></para>
            <para>Wipe away any excess lubricant.</para>
            <para>A clean bike is easier to maintain, is smoother to operate, and will last longer.</para>
          </description>
        </lcInstruction>
      </learningContent>
    </learning>
  </content>
</dmodule>
