<?xml version="1.0" encoding="UTF-8"?>
<!DOCTYPE dmodule [
  <!NOTATION JPEG SYSTEM 'Joint Photographic Experts Group'>
  <!NOTATION SWF SYSTEM "http://www.macromedia.com/software/flash">
  <!ENTITY ICN-S1000DBIKE-AAA-DA00000-A-06RT9-00094-A-001-01 SYSTEM 'media/ICN-S1000DBIKE-AAA-DA00000-A-06RT9-00094-A-001-01.swf' NDATA SWF>
  <!ENTITY ICN-S1000DBIKE-AAA-DA00000-A-06RT9-00106-A-001-01 SYSTEM 'media/ICN-S1000DBIKE-AAA-DA00000-A-06RT9-00106-A-001-01.jpg' NDATA JPEG>
  <!ENTITY ICN-S1000DBIKE-AAA-DA00000-A-06RT9-00107-A-001-01 SYSTEM 'media/ICN-S1000DBIKE-AAA-DA00000-A-06RT9-00107-A-001-01.jpg' NDATA JPEG>
  <!ENTITY ICN-S1000DBIKE-AAA-DA00000-A-06RT9-00108-A-001-01 SYSTEM 'media/ICN-S1000DBIKE-AAA-DA00000-A-06RT9-00108-A-001-01.jpg' NDATA JPEG>
  <!ENTITY ICN-S1000DBIKE-AAA-DA00000-A-06RT9-00109-A-001-01 SYSTEM 'media/ICN-S1000DBIKE-AAA-DA00000-A-06RT9-00109-A-001-01.jpg' NDATA JPEG>
]>
<dmodule xmlns:dc="http://www.purl.org/dc/elements/1.1/" xmlns:rdf="http://www.w3.org/1999/02/22-rdf-syntax-ns#" xmlns:xlink="http://www.w3.org/1999/xlink" xmlns:xsi="http://www.w3.org/2001/XMLSchema-instance" xsi:noNamespaceSchemaLocation="http://www.s1000d.org/S1000D_4-0/xml_schema_flat/learning.xsd">
  <rdf:Description>
    <dc:creator>06RT9</dc:creator>
    <dc:title>Front wheel - Remove procedures: Interactive content - Procedure</dc:title>
    <dc:subject>Front wheel - Remove procedures: Interactive content - Procedure</dc:subject>
    <dc:publisher>06RT9</dc:publisher>
    <dc:contributor>06RT9</dc:contributor>
    <dc:date>2009-10-02</dc:date>
    <dc:type>text</dc:type>
    <dc:format>text/xml</dc:format>
    <dc:identifier>S1000DBIKE-AAA-DA0-10-20-00AA-520A-A-T4JC_001-00</dc:identifier>
    <dc:language>en-US</dc:language>
    <dc:rights>01_cc51</dc:rights>
  </rdf:Description>
  <identAndStatusSection>
    <dmAddress>
      <dmIdent>
        <dmCode modelIdentCode="S1000DBIKE" systemDiffCode="AAA" systemCode="DA0" subSystemCode="1" subSubSystemCode="0" assyCode="20" disassyCode="00" disassyCodeVariant="AA" infoCode="520" infoCodeVariant="A" itemLocationCode="A" learnCode="T4J" learnEventCode="C" />
        <language countryIsoCode="US" languageIsoCode="en" />
        <issueInfo issueNumber="001" inWork="00" />
      </dmIdent>
      <dmAddressItems>
        <issueDate year="2009" month="10" day="02" />
        <dmTitle>
          <techName>Front wheel</techName>
          <infoName>Remove procedures: Interactive content - Procedure</infoName>
        </dmTitle>
      </dmAddressItems>
    </dmAddress>
    <dmStatus>
      <security securityClassification="01" />
      <responsiblePartnerCompany enterpriseCode="06RT9" />
      <originator />
      <applic>
        <displayText />
      </applic>
      <brexDmRef>
        <dmRef>
          <dmRefIdent>
            <dmCode modelIdentCode="S1000D" systemDiffCode="A" systemCode="04" subSystemCode="1" subSubSystemCode="0" assyCode="0301" disassyCode="00" disassyCodeVariant="A" infoCode="022" infoCodeVariant="A" itemLocationCode="D" />
            <issueInfo issueNumber="005" inWork="00" />
            <language languageIsoCode="en" countryIsoCode="US" />
          </dmRefIdent>
        </dmRef>
      </brexDmRef>
      <qualityAssurance>
        <unverified />
      </qualityAssurance>
      <systemBreakdownCode>DA010</systemBreakdownCode>
    </dmStatus>
  </identAndStatusSection>
  <content>
    <learning>
      <learningContent>
        <title>Front Wheel Removal</title>
        <lcInstruction>
          <description>
            <figure>
              <title />
              <graphic infoEntityIdent="ICN-S1000DBIKE-AAA-DA00000-A-06RT9-00094-A-001-01" />
            </figure>
            <levelledPara id="para-000">
              <levelledPara id="para-001">
                <para>
							  To remove your bike's front wheel, place the bike on a stand. If you do not have a stand, you can still remove the tire. It will just take a little coordination on your part.
						  </para>
                <para>
							  Begin by either deflating the front tire slightly or disconnecting the front brakes. This is done so the wheel can come out easily and not get stuck at the brake pads.
						  </para>
                <figure>
                  <title />
                  <graphic infoEntityIdent="ICN-S1000DBIKE-AAA-DA00000-A-06RT9-00106-A-001-01" />
                </figure>
              </levelledPara>
              <levelledPara id="para-002">
                <para>If your bike has a quick-release lever, push the lever outward and turn it in a counterclockwise motion for several revolutions.</para>
                <figure>
                  <title />
                  <graphic infoEntityIdent="ICN-S1000DBIKE-AAA-DA00000-A-06RT9-00107-A-001-01" />
                </figure>
              </levelledPara>
              <levelledPara id="para-003">
                <para>If your bike does not have a quick-release lever, you will need a wrench to loosen the nuts on either side of the hub.</para>
                <figure>
                  <title />
                  <graphic infoEntityIdent="ICN-S1000DBIKE-AAA-DA00000-A-06RT9-00108-A-001-01" />
                </figure>
              </levelledPara>
              <levelledPara id="para-004">
                <para>
							  Remove the wheel.
						  </para>
                <figure>
                  <title />
                  <graphic infoEntityIdent="ICN-S1000DBIKE-AAA-DA00000-A-06RT9-00109-A-001-01" />
                </figure>
              </levelledPara>
            </levelledPara>
            <para>
              <emphasis>Use the arrows to view the slide show.</emphasis>
            </para>
          </description>
        </lcInstruction>
      </learningContent>
    </learning>
  </content>
</dmodule>
