<?xml version="1.0" encoding="UTF-8"?>
<!DOCTYPE dmodule>
<dmodule xmlns:dc="http://www.purl.org/dc/elements/1.1/" xmlns:rdf="http://www.w3.org/1999/02/22-rdf-syntax-ns#" xmlns:xlink="http://www.w3.org/1999/xlink" xmlns:xsi="http://www.w3.org/2001/XMLSchema-instance" xsi:noNamespaceSchemaLocation="http://www.s1000d.org/S1000D_4-0/xml_schema_flat/proced.xsd">
  <rdf:Description>
    <dc:creator>U8025</dc:creator>
    <dc:title>Chain - Clean with chain cleaning fluid</dc:title>
    <dc:subject>Chain - Clean with chain cleaning fluid</dc:subject>
    <dc:publisher>U8025</dc:publisher>
    <dc:contributor>U8025</dc:contributor>
    <dc:date>2008-08-01</dc:date>
    <dc:type>text</dc:type>
    <dc:format>text/xml</dc:format>
    <dc:identifier>S1000DBIKE-AAA-DA4-10-00-00AA-251B-A_006-00</dc:identifier>
    <dc:language>en-US</dc:language>
    <dc:rights>01_cc51_cv51</dc:rights>
  </rdf:Description>
  <identAndStatusSection>
    <dmAddress>
      <dmIdent>
        <dmCode modelIdentCode="S1000DBIKE" systemDiffCode="AAA" systemCode="DA4" subSystemCode="1" subSubSystemCode="0" assyCode="00" disassyCode="00" disassyCodeVariant="AA" infoCode="251" infoCodeVariant="B" itemLocationCode="A" />
        <language countryIsoCode="US" languageIsoCode="en" />
        <issueInfo issueNumber="006" inWork="00" />
      </dmIdent>
      <dmAddressItems>
        <issueDate year="2008" month="08" day="01" />
        <dmTitle>
          <techName>Chain</techName>
          <infoName>Clean with chain cleaning fluid</infoName>
        </dmTitle>
      </dmAddressItems>
    </dmAddress>
    <dmStatus issueType="revised">
      <security securityClassification="01" commercialClassification="cc51" caveat="cv51" />
      <dataRestrictions>
        <restrictionInstructions>
          <dataDistribution>To be made available to all S1000D users.</dataDistribution>
          <exportControl>
            <exportRegistrationStmt>
              <simplePara>Export of this data module to all countries that are the residence of organizations that are users of S1000D is permitted. Storage of this data module is to be at the discretion of the organization.</simplePara>
            </exportRegistrationStmt>
          </exportControl>
          <dataHandling>There are no specific handling instructions for this data module.</dataHandling>
          <dataDestruction>Users may destroy this data module in accordance with their own local procedures.</dataDestruction>
          <dataDisclosure>There are no dissemination limitations that apply to this data module.</dataDisclosure>
        </restrictionInstructions>
        <restrictionInfo>
          <copyright>
            <copyrightPara>
              <emphasis>Copyright (C) 2008</emphasis> by each of the following organizations:<randomList><listItem><para>AeroSpace and Defence Industries Associations of Europe - ASD.</para></listItem><listItem><para>Ministries of Defence of the member countries of ASD.</para></listItem></randomList></copyrightPara>
            <copyrightPara>
              <emphasis>Limitations of Liability:</emphasis>
            </copyrightPara>
            <copyrightPara>
              <randomList>
                <listItem>
                  <para>This material is provided "As Is" and neither ASD nor any person who has contributed to the creation, revision or maintenance of the material makes any representations or warranties, express or implied, including but not limited to, warranties of merchantability or fitness for any particular purpose.</para>
                </listItem>
                <listItem>
                  <para>Neither ASD nor any person who has contributed to the creation, revision or maintenance of this material shall be liable for any direct, indirect, special or consequential damages or any other liability arising from any use of this material.</para>
                </listItem>
                <listItem>
                  <para>Revisions to this document may occur after its issuance.  The user is responsible for determining if revisions to the material contained in this document have occurred and are applicable.</para>
                </listItem>
              </randomList>
            </copyrightPara>
          </copyright>
          <policyStatement>TPSMG TOR 001</policyStatement>
          <dataConds>There are no known conditions that would change the data restrictions for, or security classification of, this data module.</dataConds>
        </restrictionInfo>
      </dataRestrictions>
      <responsiblePartnerCompany enterpriseCode="U8025">
        <enterpriseName>UK MoD</enterpriseName>
      </responsiblePartnerCompany>
      <originator enterpriseCode="U8025">
        <enterpriseName>UK MoD</enterpriseName>
      </originator>
      <applicCrossRefTableRef>
        <dmRef xlink:type="simple" xlink:actuate="onRequest" xlink:show="replace" xlink:href="URN:S1000D:DMC-S1000DBIKE-AAA-D00-00-00-00AA-00WA-D">
          <dmRefIdent>
            <dmCode modelIdentCode="S1000DBIKE" systemDiffCode="AAA" systemCode="D00" subSystemCode="0" subSubSystemCode="0" assyCode="00" disassyCode="00" disassyCodeVariant="AA" infoCode="00W" infoCodeVariant="A" itemLocationCode="D" />
          </dmRefIdent>
        </dmRef>
      </applicCrossRefTableRef>
      <applic>
        <displayText>
          <simplePara>Mountain bicycle and (Mountain storm Mk1 or Brook trekker Mk9)</simplePara>
        </displayText>
        <evaluate andOr="and">
          <assert applicPropertyIdent="type" applicPropertyType="prodattr" applicPropertyValues="Mountain bicycle" />
          <evaluate andOr="or">
            <evaluate andOr="and">
              <assert applicPropertyIdent="model" applicPropertyType="prodattr" applicPropertyValues="Mountain storm" />
              <assert applicPropertyIdent="version" applicPropertyType="prodattr" applicPropertyValues="Mk1" />
            </evaluate>
            <evaluate andOr="and">
              <assert applicPropertyIdent="model" applicPropertyType="prodattr" applicPropertyValues="Brook trekker" />
              <assert applicPropertyIdent="version" applicPropertyType="prodattr" applicPropertyValues="Mk9" />
            </evaluate>
          </evaluate>
        </evaluate>
      </applic>
      <techStandard>
        <authorityInfoAndTp>
          <authorityInfo>20010131</authorityInfo>
          <techPubBase>Bike book</techPubBase>
        </authorityInfoAndTp>
        <authorityExceptions />
        <authorityNotes />
      </techStandard>
      <brexDmRef>
        <dmRef xlink:type="simple" xlink:actuate="onRequest" xlink:show="replace" xlink:href="URN:S1000D:DMC-S1000DBIKE-AAA-D00-00-00-00AA-022A-D_007-00">
          <dmRefIdent>
            <dmCode modelIdentCode="S1000DBIKE" systemDiffCode="AAA" systemCode="D00" subSystemCode="0" subSubSystemCode="0" assyCode="00" disassyCode="00" disassyCodeVariant="AA" infoCode="022" infoCodeVariant="A" itemLocationCode="D" />
            <issueInfo issueNumber="007" inWork="00" />
          </dmRefIdent>
        </dmRef>
      </brexDmRef>
      <qualityAssurance>
        <firstVerification verificationType="tabtop" />
      </qualityAssurance>
      <systemBreakdownCode>BY161</systemBreakdownCode>
      <skillLevel skillLevelCode="sk01" />
      <reasonForUpdate>
        <simplePara>totally revised</simplePara>
        <simplePara>Schema cleanup element/attribute renaming</simplePara>
      </reasonForUpdate>
    </dmStatus>
  </identAndStatusSection>
  <content>
    <refs>
      <dmRef xlink:type="simple" xlink:actuate="onRequest" xlink:show="replace" xlink:href="URN:S1000D:DMC-S1000DBIKE-AAA-D00-00-00-00AA-121A-A">
        <dmRefIdent>
          <dmCode modelIdentCode="S1000DBIKE" systemDiffCode="AAA" systemCode="D00" subSystemCode="0" subSubSystemCode="0" assyCode="00" disassyCode="00" disassyCodeVariant="AA" infoCode="121" infoCodeVariant="A" itemLocationCode="A" />
        </dmRefIdent>
        <dmRefAddressItems>
          <dmTitle>
            <techName>Bicycle</techName>
            <infoName>Pre-operation procedures (crew)</infoName>
          </dmTitle>
        </dmRefAddressItems>
      </dmRef>
    </refs>
    <procedure>
      <preliminaryRqmts>
        <reqCondGroup>
          <noConds />
        </reqCondGroup>
        <reqSupportEquips>
          <supportEquipDescrGroup>
            <supportEquipDescr id="seq-0001">
              <name>Stiff bristle brush</name>
              <identNumber>
                <manufacturerCode>KZ666</manufacturerCode>
                <partAndSerialNumber>
                  <partNumber>BSK-TLST-001-02</partNumber>
                </partAndSerialNumber>
              </identNumber>
              <reqQuantity unitOfMeasure="EA">1</reqQuantity>
            </supportEquipDescr>
            <supportEquipDescr id="seq-0002">
              <name>Chain cleaning fluid</name>
              <identNumber>
                <manufacturerCode>KZ222</manufacturerCode>
                <partAndSerialNumber>
                  <partNumber>LL-003</partNumber>
                </partAndSerialNumber>
              </identNumber>
              <reqQuantity>As required</reqQuantity>
            </supportEquipDescr>
            <supportEquipDescr id="sup-0003">
              <name>Chain cleaning tool</name>
              <identNumber>
                <manufacturerCode>KZ666</manufacturerCode>
                <partAndSerialNumber>
                  <partNumber>BSK-TLST-001-03</partNumber>
                </partAndSerialNumber>
              </identNumber>
              <reqQuantity unitOfMeasure="EA">1</reqQuantity>
            </supportEquipDescr>
          </supportEquipDescrGroup>
        </reqSupportEquips>
        <reqSupplies>
          <supplyDescrGroup>
            <supplyDescr id="sup-0001">
              <name>Floor covering</name>
              <identNumber>
                <manufacturerCode>KK999</manufacturerCode>
                <partAndSerialNumber>
                  <partNumber>PPP-001</partNumber>
                </partAndSerialNumber>
              </identNumber>
              <reqQuantity unitOfMeasure="pack">1</reqQuantity>
            </supplyDescr>
            <supplyDescr id="sup-0002">
              <name>General lubricant</name>
              <identNumber>
                <manufacturerCode>KZ222</manufacturerCode>
                <partAndSerialNumber>
                  <partNumber>LL-001</partNumber>
                </partAndSerialNumber>
              </identNumber>
              <reqQuantity>As required</reqQuantity>
            </supplyDescr>
          </supplyDescrGroup>
        </reqSupplies>
        <reqSpares>
          <noSpares />
        </reqSpares>
        <reqSafety>
          <noSafety />
        </reqSafety>
      </preliminaryRqmts>
      <mainProcedure>
        <proceduralStep>
          <para>Inspect the chain.</para>
          <para>
						Do the inspection of the chain as given in the pre-ride checks (refer to <dmRef xlink:type="simple" xlink:actuate="onRequest" xlink:show="replace" xlink:href="URN:S1000D:DMC-S1000DBIKE-AAA-D00-00-00-00AA-121A-A"><dmRefIdent><dmCode modelIdentCode="S1000DBIKE" systemDiffCode="AAA" systemCode="D00" subSystemCode="0" subSubSystemCode="0" assyCode="00" disassyCode="00" disassyCodeVariant="AA" infoCode="121" infoCodeVariant="A" itemLocationCode="A" /></dmRefIdent></dmRef>).
					</para>
        </proceduralStep>
        <proceduralStep>
          <para>Prepare the cleaning area.</para>
          <proceduralStep>
            <para>
							Put the <internalRef internalRefId="sup-0001" internalRefTargetType="supply" xlink:actuate="onRequest" xlink:show="replace" xlink:href="sup-0001" /> on a satisfactory floor area.
						</para>
          </proceduralStep>
          <proceduralStep>
            <para>Put the bicycle on the floor covering.</para>
          </proceduralStep>
        </proceduralStep>
        <proceduralStep>
          <para>Clean debris from the chain.</para>
          <proceduralStep>
            <para>
							Use the <internalRef internalRefId="seq-0001" internalRefTargetType="supequip" xlink:actuate="onRequest" xlink:show="replace" xlink:href="seq-0001" /> and loosen as much unwanted material as possible.
						</para>
          </proceduralStep>
          <proceduralStep>
            <para>Make sure that you remove all the unwanted material from the chain.</para>
          </proceduralStep>
        </proceduralStep>
        <proceduralStep>
          <para>Clean the chain.</para>
          <proceduralStep>
            <para>
							Open the <internalRef internalRefId="sup-0003" internalRefTargetType="supequip" xlink:actuate="onRequest" xlink:show="replace" xlink:href="sup-0003" /> and fill with the <internalRef internalRefId="seq-0002" internalRefTargetType="supequip" xlink:actuate="onRequest" xlink:show="replace" xlink:href="seq-0002" />.
						</para>
          </proceduralStep>
          <proceduralStep>
            <para>Move the chain to the middle chainring and the middle sprocket at the rear.</para>
          </proceduralStep>
          <proceduralStep>
            <para>Put the chain in the chain guides of the chain cleaning tool and lock the tool on the chain.</para>
          </proceduralStep>
          <proceduralStep>
            <para>Hold the tool with the left hand and slowly turn the rearwards with the right hand.</para>
          </proceduralStep>
          <proceduralStep>
            <para>Press the button on the cleaning tool to make sure that cleaning fluid flows until the tool is empty.</para>
          </proceduralStep>
          <proceduralStep>
            <para>If necessary, remove the unwanted chain cleaning fluid.</para>
          </proceduralStep>
        </proceduralStep>
        <proceduralStep>
          <para>Lubricate the chain.</para>
          <proceduralStep>
            <para>
							Use the <internalRef internalRefId="sup-0002" internalRefTargetType="supply" xlink:actuate="onRequest" xlink:show="replace" xlink:href="sup-0002" /> and lubricate the chain.
						</para>
          </proceduralStep>
          <proceduralStep>
            <para>Unlock and remove the cleaning tool.</para>
          </proceduralStep>
          <proceduralStep>
            <para>If necessary, remove the unwanted lubricant.</para>
          </proceduralStep>
        </proceduralStep>
      </mainProcedure>
      <closeRqmts>
        <reqCondGroup>
          <reqCondNoRef>
            <reqCond>Move the bicycle to its storage area and remove the floor covering.</reqCond>
          </reqCondNoRef>
        </reqCondGroup>
      </closeRqmts>
    </procedure>
  </content>
</dmodule>
