<?xml version="1.0" encoding="UTF-8"?>
<!DOCTYPE dmodule [
  <!NOTATION JPEG SYSTEM 'Joint Photographic Experts Group'>
  <!NOTATION SWF SYSTEM "http://www.macromedia.com/software/flash">
  <!ENTITY ICN-S1000DBIKE-AAA-DA00000-A-06RT9-00094-A-001-01 SYSTEM 'media/ICN-S1000DBIKE-AAA-DA00000-A-06RT9-00094-A-001-01.swf' NDATA SWF>
  <!ENTITY ICN-S1000DBIKE-AAA-D000000-A-06RT9-00154-A-001-01 SYSTEM 'media/ICN-S1000DBIKE-AAA-D000000-A-06RT9-00154-A-001-01.jpg' NDATA JPEG>
  <!ENTITY ICN-S1000DBIKE-AAA-D000000-A-06RT9-00155-A-001-01 SYSTEM 'media/ICN-S1000DBIKE-AAA-D000000-A-06RT9-00155-A-001-01.jpg' NDATA JPEG>
  <!ENTITY ICN-S1000DBIKE-AAA-D000000-A-06RT9-00156-A-001-01 SYSTEM 'media/ICN-S1000DBIKE-AAA-D000000-A-06RT9-00156-A-001-01.jpg' NDATA JPEG>
  <!ENTITY ICN-S1000DBIKE-AAA-D000000-A-06RT9-00157-A-001-01 SYSTEM 'media/ICN-S1000DBIKE-AAA-D000000-A-06RT9-00157-A-001-01.jpg' NDATA JPEG>
  <!ENTITY ICN-S1000DBIKE-AAA-D000000-A-06RT9-00158-A-001-01 SYSTEM 'media/ICN-S1000DBIKE-AAA-D000000-A-06RT9-00158-A-001-01.jpg' NDATA JPEG>
  <!ENTITY ICN-S1000DBIKE-AAA-D000000-A-06RT9-00159-A-001-01 SYSTEM 'media/ICN-S1000DBIKE-AAA-D000000-A-06RT9-00159-A-001-01.jpg' NDATA JPEG>
  <!ENTITY ICN-S1000DBIKE-AAA-D000000-A-06RT9-00160-A-001-01 SYSTEM 'media/ICN-S1000DBIKE-AAA-D000000-A-06RT9-00160-A-001-01.jpg' NDATA JPEG>
]>
<dmodule xmlns:dc="http://www.purl.org/dc/elements/1.1/" xmlns:rdf="http://www.w3.org/1999/02/22-rdf-syntax-ns#" xmlns:xlink="http://www.w3.org/1999/xlink" xmlns:xsi="http://www.w3.org/2001/XMLSchema-instance" xsi:noNamespaceSchemaLocation="http://www.s1000d.org/S1000D_4-0/xml_schema_flat/learning.xsd">
  <rdf:Description>
    <dc:creator>06RT9</dc:creator>
    <dc:title>Bicycle - Standard repair procedures: Interactive content - Procedure Exploratory</dc:title>
    <dc:subject>Bicycle - Standard repair procedures: Interactive content - Procedure Exploratory</dc:subject>
    <dc:publisher>06RT9</dc:publisher>
    <dc:contributor>06RT9</dc:contributor>
    <dc:date>2009-10-19</dc:date>
    <dc:type>text</dc:type>
    <dc:format>text/xml</dc:format>
    <dc:identifier>S1000DBIKE-AAA-D00-00-00-00AA-663A-A-T4JC_001-00</dc:identifier>
    <dc:language>en-US</dc:language>
    <dc:rights>01_cc51</dc:rights>
  </rdf:Description>
  <identAndStatusSection>
    <dmAddress>
      <dmIdent>
        <dmCode modelIdentCode="S1000DBIKE" systemDiffCode="AAA" systemCode="D00" subSystemCode="0" subSubSystemCode="0" assyCode="00" disassyCode="00" disassyCodeVariant="AA" infoCode="663" infoCodeVariant="A" itemLocationCode="A" learnCode="T4J" learnEventCode="C" />
        <language countryIsoCode="US" languageIsoCode="en" />
        <issueInfo issueNumber="001" inWork="00" />
      </dmIdent>
      <dmAddressItems>
        <issueDate year="2009" month="10" day="19" />
        <dmTitle>
          <techName>Bicycle</techName>
          <infoName>Standard repair procedures: Interactive content - Procedure Exploratory</infoName>
        </dmTitle>
      </dmAddressItems>
    </dmAddress>
    <dmStatus>
      <security securityClassification="01" />
      <responsiblePartnerCompany enterpriseCode="06RT9" />
      <originator />
      <applic>
        <displayText />
      </applic>
      <brexDmRef>
        <dmRef>
          <dmRefIdent>
            <dmCode modelIdentCode="S1000D" systemDiffCode="A" systemCode="04" subSystemCode="1" subSubSystemCode="0" assyCode="0301" disassyCode="00" disassyCodeVariant="A" infoCode="022" infoCodeVariant="A" itemLocationCode="D" />
            <issueInfo issueNumber="005" inWork="00" />
            <language languageIsoCode="en" countryIsoCode="US" />
          </dmRefIdent>
        </dmRef>
      </brexDmRef>
      <qualityAssurance>
        <unverified />
      </qualityAssurance>
      <systemBreakdownCode>D0000</systemBreakdownCode>
    </dmStatus>
  </identAndStatusSection>
  <content>
    <learning>
      <learningContent>
        <title>Repair a Puncture</title>
        <lcInstruction>
          <description>
            <caution>
              <warningAndCautionPara>
								When you remove the rear wheel to repair a puncture, disconnect the brake arm from the chain stay.
							</warningAndCautionPara>
            </caution>
            <figure>
              <title />
              <graphic infoEntityIdent="ICN-S1000DBIKE-AAA-DA00000-A-06RT9-00094-A-001-01" />
            </figure>
            <levelledPara id="para-000">
              <levelledPara id="para-001">
                <para>
									To repair a tire puncture, first remove the wheel.
								</para>
                <para>
									Next, make sure that there is no air in the tube. To deflate the tube, loosen the cap on the valve stem, and push the valve stem core down to release all the air.
								</para>
                <figure>
                  <title />
                  <graphic infoEntityIdent="ICN-S1000DBIKE-AAA-D000000-A-06RT9-00154-A-001-01" />
                </figure>
              </levelledPara>
              <levelledPara id="para-002">
                <para>
									Use a tire lever to move the tire bead out of its seat. Lift the tire bead above the lip of the rim.
								</para>
                <figure>
                  <title />
                  <graphic infoEntityIdent="ICN-S1000DBIKE-AAA-D000000-A-06RT9-00155-A-001-01" />
                </figure>
              </levelledPara>
              <levelledPara id="para-003">
                <para>
									Remove the tube, and then partially inflate it with the foot pump. Examine the tube for leaks. If you find one, circle the puncture site with a marking pen.
								</para>
                <figure>
                  <title />
                  <graphic infoEntityIdent="ICN-S1000DBIKE-AAA-D000000-A-06RT9-00156-A-001-01" />
                </figure>
              </levelledPara>
              <levelledPara id="para-004">
                <para>
									Release most of the air, and then use a piece of sandpaper, from the tube patch kit, to roughen the area on and around the hole. This will help the patch bond correctly.
								</para>
                <figure>
                  <title />
                  <graphic infoEntityIdent="ICN-S1000DBIKE-AAA-D000000-A-06RT9-00157-A-001-01" />
                </figure>
              </levelledPara>
              <levelledPara id="para-005">
                <para>
									Apply a thin layer of glue from the patch kit on and around the puncture. Make sure that the glue spreads out past where the patch will sit. This will ensure that the edges of the patch adhere securely.
								</para>
                <figure>
                  <title />
                  <graphic infoEntityIdent="ICN-S1000DBIKE-AAA-D000000-A-06RT9-00158-A-001-01" />
                </figure>
              </levelledPara>
              <levelledPara id="para-006">
                <para>Allow the glue to set for several minutes. It will become tacky and dim. Remove the rear foil from the patch, and push the patch into position. Push it with your thumbs from the center of the patch outward. Remove the cover from the patch. Put a very thin layer of talcum powder on and around the patch.
								</para>
                <figure>
                  <title />
                  <graphic infoEntityIdent="ICN-S1000DBIKE-AAA-D000000-A-06RT9-00159-A-001-01" />
                </figure>
              </levelledPara>
              <levelledPara id="para-007">
                <para>
									Now that the puncture is patched, you are going to reinstall the tube. Partially inflate the repaired tube with the foot pump. Starting with the valve stem, push it through the hole in the rim. Make sure that the valve stem is straight. Align the tube on the rim, and install the tire over the tube.
								</para>
                <figure>
                  <title />
                  <graphic infoEntityIdent="ICN-S1000DBIKE-AAA-D000000-A-06RT9-00160-A-001-01" />
                </figure>
              </levelledPara>
            </levelledPara>
            <para>
              <emphasis>Use the arrows to view the slide show.</emphasis>
            </para>
          </description>
        </lcInstruction>
      </learningContent>
    </learning>
  </content>
</dmodule>
