<?xml version="1.0" encoding="UTF-8"?>
<urn-resource>
  <urn name="URN:S1000D:DMC-S1000D-A-04-10-0301-00A-022A-D">
    <target type="file">DMC-S1000D-A-04-10-0301-00A-022A-D_005-00_EN-US.XML</target>
  </urn>
  <urn name="URN:S1000D:DMC-S1000DBIKE-AAA-D00-00-00-00AA-00WA-D">
    <target type="file">DMC-S1000DBIKE-AAA-D00-00-00-00AA-00WA-D_005-00_EN-US.xml</target>
  </urn>
  <urn name="URN:S1000D:DMC-S1000DBIKE-AAA-D00-00-00-00AA-022A-D">
    <target type="file">DMC-S1000DBIKE-AAA-D00-00-00-00AA-022A-D_007-00_EN-US.xml</target>
  </urn>
  <urn name="URN:S1000D:DMC-S1000DBIKE-AAA-D00-00-00-00AA-028A-A-T28C">
    <target type="file">DMC-S1000DBIKE-AAA-D00-00-00-00AA-028A-A-T28C_001-00_EN-US.xml</target>
  </urn>
  <urn name="URN:S1000D:DMC-S1000DBIKE-AAA-D00-00-00-00AA-041A-A">
    <target type="file">DMC-S1000DBIKE-AAA-D00-00-00-00AA-041A-A_007-00_EN-US.xml</target>
  </urn>
  <urn name="URN:S1000D:DMC-S1000DBIKE-AAA-D00-00-00-00AA-042A-A">
    <target type="file">DMC-S1000DBIKE-AAA-D00-00-00-00AA-042A-A_007-00_EN-US.xml</target>
  </urn>
  <urn name="URN:S1000D:DMC-S1000DBIKE-AAA-D00-00-00-00AA-043A-A">
    <target type="file">DMC-S1000DBIKE-AAA-D00-00-00-00AA-043A-A_007-00_EN-US.xml</target>
  </urn>
  <urn name="URN:S1000D:DMC-S1000DBIKE-AAA-D00-00-00-00AA-100A-A-T2GC">
    <target type="file">DMC-S1000DBIKE-AAA-D00-00-00-00AA-100A-A-T2GC_001-00_EN-US.xml</target>
  </urn>
  <urn name="URN:S1000D:DMC-S1000DBIKE-AAA-D00-00-00-00AA-100A-A-T36C">
    <target type="file">DMC-S1000DBIKE-AAA-D00-00-00-00AA-100A-A-T36C_001-00_EN-US.xml</target>
  </urn>
  <urn name="URN:S1000D:DMC-S1000DBIKE-AAA-D00-00-00-00AA-100A-A-T88E">
    <target type="file">DMC-S1000DBIKE-AAA-D00-00-00-00AA-100A-A-T88E_001-00_EN-US.xml</target>
  </urn>
  <urn name="URN:S1000D:DMC-S1000DBIKE-AAA-D00-00-00-00AA-121A-A-T4JC">
    <target type="file">DMC-S1000DBIKE-AAA-D00-00-00-00AA-121A-A-T4JC_001-00_EN-US.xml</target>
  </urn>
  <urn name="URN:S1000D:DMC-S1000DBIKE-AAA-D00-00-00-00AA-121A-A-T63E">
    <target type="file">DMC-S1000DBIKE-AAA-D00-00-00-00AA-121A-A-T63E_001-00_EN-US.xml</target>
  </urn>
  <urn name="URN:S1000D:DMC-S1000DBIKE-AAA-D00-00-00-00AA-121A-A">
    <target type="file">DMC-S1000DBIKE-AAA-D00-00-00-00AA-121A-A_007-00_EN-US.xml</target>
  </urn>
  <urn name="URN:S1000D:DMC-S1000DBIKE-AAA-D00-00-00-00AA-151A-A-T45C">
    <target type="file">DMC-S1000DBIKE-AAA-D00-00-00-00AA-151A-A-T45C_001-00_EN-US.xml</target>
  </urn>
  <urn name="URN:S1000D:DMC-S1000DBIKE-AAA-D00-00-00-00AA-151A-A-T63E">
    <target type="file">DMC-S1000DBIKE-AAA-D00-00-00-00AA-151A-A-T63E_001-00_EN-US.xml</target>
  </urn>
  <urn name="URN:S1000D:DMC-S1000DBIKE-AAA-D00-00-00-00AA-200A-A-T10B">
    <target type="file">DMC-S1000DBIKE-AAA-D00-00-00-00AA-200A-A-T10B_001-00_EN-US.xml</target>
  </urn>
  <urn name="URN:S1000D:DMC-S1000DBIKE-AAA-D00-00-00-00AA-200A-A-T2GC">
    <target type="file">DMC-S1000DBIKE-AAA-D00-00-00-00AA-200A-A-T2GC_001-00_EN-US.xml</target>
  </urn>
  <urn name="URN:S1000D:DMC-S1000DBIKE-AAA-D00-00-00-00AA-200A-A-T36D">
    <target type="file">DMC-S1000DBIKE-AAA-D00-00-00-00AA-200A-A-T36D_001-00_EN-US.xml</target>
  </urn>
  <urn name="URN:S1000D:DMC-S1000DBIKE-AAA-D00-00-00-00AA-248A-A-T45C">
    <target type="file">DMC-S1000DBIKE-AAA-D00-00-00-00AA-248A-A-T45C_001-00_EN-US.xml</target>
  </urn>
  <urn name="URN:S1000D:DMC-S1000DBIKE-AAA-D00-00-00-00AA-258A-A-T45C">
    <target type="file">DMC-S1000DBIKE-AAA-D00-00-00-00AA-258A-A-T45C_001-00_EN-US.xml</target>
  </urn>
  <urn name="URN:S1000D:DMC-S1000DBIKE-AAA-D00-00-00-00AA-258A-A-T62E">
    <target type="file">DMC-S1000DBIKE-AAA-D00-00-00-00AA-258A-A-T62E_001-00_EN-US.xml</target>
  </urn>
  <urn name="URN:S1000D:DMC-S1000DBIKE-AAA-D00-00-00-00AA-258A-A-T63E">
    <target type="file">DMC-S1000DBIKE-AAA-D00-00-00-00AA-258A-A-T63E_001-00_EN-US.xml</target>
  </urn>
  <urn name="URN:S1000D:DMC-S1000DBIKE-AAA-D00-00-00-00AA-330A-A-T42C">
    <target type="file">DMC-S1000DBIKE-AAA-D00-00-00-00AA-330A-A-T42C_001-00_EN-US.xml</target>
  </urn>
  <urn name="URN:S1000D:DMC-S1000DBIKE-AAA-D00-00-00-00AA-663A-A-T4JC">
    <target type="file">DMC-S1000DBIKE-AAA-D00-00-00-00AA-663A-A-T4JC_001-00_EN-US.xml</target>
  </urn>
  <urn name="URN:S1000D:DMC-S1000DBIKE-AAA-D00-00-00-00AA-663A-A-T62E">
    <target type="file">DMC-S1000DBIKE-AAA-D00-00-00-00AA-663A-A-T62E_001-00_EN-US.xml</target>
  </urn>
  <urn name="URN:S1000D:DMC-S1000DBIKE-AAA-D00-00-00-00AA-932A-A-H10A">
    <target type="file">DMC-S1000DBIKE-AAA-D00-00-00-00AA-932A-A-H10A_001-00_EN-US.xml</target>
  </urn>
  <urn name="URN:S1000D:DMC-S1000DBIKE-AAA-D00-00-00-00AA-932A-A-H11A">
    <target type="file">DMC-S1000DBIKE-AAA-D00-00-00-00AA-932A-A-H11A_001-00_EN-US.xml</target>
  </urn>
  <urn name="URN:S1000D:DMC-S1000DBIKE-AAA-D00-00-00-00AA-932A-A-H18A">
    <target type="file">DMC-S1000DBIKE-AAA-D00-00-00-00AA-932A-A-H18A_001-00_EN-US.xml</target>
  </urn>
  <urn name="URN:S1000D:DMC-S1000DBIKE-AAA-D00-00-00-00AA-932A-A-H19A">
    <target type="file">DMC-S1000DBIKE-AAA-D00-00-00-00AA-932A-A-H19A_001-00_EN-US.xml</target>
  </urn>
  <urn name="URN:S1000D:DMC-S1000DBIKE-AAA-D00-00-00-00AA-932A-A-H20A">
    <target type="file">DMC-S1000DBIKE-AAA-D00-00-00-00AA-932A-A-H20A_001-00_EN-US.xml</target>
  </urn>
  <urn name="URN:S1000D:DMC-S1000DBIKE-AAA-D00-00-00-00AA-932A-A-H30A">
    <target type="file">DMC-S1000DBIKE-AAA-D00-00-00-00AA-932A-A-H30A_001-00_EN-US.xml</target>
  </urn>
  <urn name="URN:S1000D:DMC-S1000DBIKE-AAA-D00-00-00-00AA-932A-A-H40A">
    <target type="file">DMC-S1000DBIKE-AAA-D00-00-00-00AA-932A-A-H40A_001-00_EN-US.xml</target>
  </urn>
  <urn name="URN:S1000D:DMC-S1000DBIKE-AAA-DA0-00-00-00AA-018A-A-T2GB">
    <target type="file">DMC-S1000DBIKE-AAA-DA0-00-00-00AA-018A-A-T2GB_001-00_EN-US.xml</target>
  </urn>
  <urn name="URN:S1000D:DMC-S1000DBIKE-AAA-DA0-00-00-00AA-028A-A-T28B">
    <target type="file">DMC-S1000DBIKE-AAA-DA0-00-00-00AA-028A-A-T28B_001-00_EN-US.xml</target>
  </urn>
  <urn name="URN:S1000D:DMC-S1000DBIKE-AAA-DA0-00-00-00AA-041A-A-T10B">
    <target type="file">DMC-S1000DBIKE-AAA-DA0-00-00-00AA-041A-A-T10B_001-00_EN-US.xml</target>
  </urn>
  <urn name="URN:S1000D:DMC-S1000DBIKE-AAA-DA0-00-00-00AA-041A-A-T2FB">
    <target type="file">DMC-S1000DBIKE-AAA-DA0-00-00-00AA-041A-A-T2FB_001-00_EN-US.xml</target>
  </urn>
  <urn name="URN:S1000D:DMC-S1000DBIKE-AAA-DA0-00-00-00AA-041A-A-T36D">
    <target type="file">DMC-S1000DBIKE-AAA-DA0-00-00-00AA-041A-A-T36D_001-00_EN-US.xml</target>
  </urn>
  <urn name="URN:S1000D:DMC-S1000DBIKE-AAA-DA0-00-00-00AA-041A-A-T42C">
    <target type="file">DMC-S1000DBIKE-AAA-DA0-00-00-00AA-041A-A-T42C_001-00_EN-US.xml</target>
  </urn>
  <urn name="URN:S1000D:DMC-S1000DBIKE-AAA-DA0-00-00-00AA-041A-A-T4RC">
    <target type="file">DMC-S1000DBIKE-AAA-DA0-00-00-00AA-041A-A-T4RC_001-00_EN-US.xml</target>
  </urn>
  <urn name="URN:S1000D:DMC-S1000DBIKE-AAA-DA0-00-00-00AA-041A-A-T61E">
    <target type="file">DMC-S1000DBIKE-AAA-DA0-00-00-00AA-041A-A-T61E_001-00_EN-US.xml</target>
  </urn>
  <urn name="URN:S1000D:DMC-S1000DBIKE-AAA-DA0-00-00-00AA-041A-A-T62E">
    <target type="file">DMC-S1000DBIKE-AAA-DA0-00-00-00AA-041A-A-T62E_001-00_EN-US.xml</target>
  </urn>
  <urn name="URN:S1000D:DMC-S1000DBIKE-AAA-DA0-00-00-00AA-041A-A-T63E">
    <target type="file">DMC-S1000DBIKE-AAA-DA0-00-00-00AA-041A-A-T63E_001-00_EN-US.xml</target>
  </urn>
  <urn name="URN:S1000D:DMC-S1000DBIKE-AAA-DA0-00-00-00AA-041A-A-T88E">
    <target type="file">DMC-S1000DBIKE-AAA-DA0-00-00-00AA-041A-A-T88E_001-00_EN-US.xml</target>
  </urn>
  <urn name="URN:S1000D:DMC-S1000DBIKE-AAA-DA0-00-00-00AA-041A-A">
    <target type="file">DMC-S1000DBIKE-AAA-DA0-00-00-00AA-041A-A_007-00_EN-US.xml</target>
  </urn>
  <urn name="URN:S1000D:DMC-S1000DBIKE-AAA-DA0-00-00-00AA-200A-A-T36D">
    <target type="file">DMC-S1000DBIKE-AAA-DA0-00-00-00AA-200A-A-T36D_001-00_EN-US.xml</target>
  </urn>
  <urn name="URN:S1000D:DMC-S1000DBIKE-AAA-DA0-00-00-00AA-932A-A-H14B">
    <target type="file">DMC-S1000DBIKE-AAA-DA0-00-00-00AA-932A-A-H14B_001-00_EN-US.xml</target>
  </urn>
  <urn name="URN:S1000D:DMC-S1000DBIKE-AAA-DA0-10-10-00AA-921A-A-T4JC">
    <target type="file">DMC-S1000DBIKE-AAA-DA0-10-10-00AA-921A-A-T4JC_001-00_EN-US.xml</target>
  </urn>
  <urn name="URN:S1000D:DMC-S1000DBIKE-AAA-DA0-10-10-00AA-921A-A-T62E">
    <target type="file">DMC-S1000DBIKE-AAA-DA0-10-10-00AA-921A-A-T62E_001-00_EN-US.xml</target>
  </urn>
  <urn name="URN:S1000D:DMC-S1000DBIKE-AAA-DA0-10-20-00AA-215A-A-T4JC">
    <target type="file">DMC-S1000DBIKE-AAA-DA0-10-20-00AA-215A-A-T4JC_001-00_EN-US.xml</target>
  </urn>
  <urn name="URN:S1000D:DMC-S1000DBIKE-AAA-DA0-10-20-00AA-362B-A-T4JC">
    <target type="file">DMC-S1000DBIKE-AAA-DA0-10-20-00AA-362B-A-T4JC_001-00_EN-US.xml</target>
  </urn>
  <urn name="URN:S1000D:DMC-S1000DBIKE-AAA-DA0-10-20-00AA-400A-A-T4JC">
    <target type="file">DMC-S1000DBIKE-AAA-DA0-10-20-00AA-400A-A-T4JC_001-00_EN-US.xml</target>
  </urn>
  <urn name="URN:S1000D:DMC-S1000DBIKE-AAA-DA0-10-20-00AA-400A-A-T62E">
    <target type="file">DMC-S1000DBIKE-AAA-DA0-10-20-00AA-400A-A-T62E_001-00_EN-US.xml</target>
  </urn>
  <urn name="URN:S1000D:DMC-S1000DBIKE-AAA-DA0-10-20-00AA-520A-A-T4JC">
    <target type="file">DMC-S1000DBIKE-AAA-DA0-10-20-00AA-520A-A-T4JC_001-00_EN-US.xml</target>
  </urn>
  <urn name="URN:S1000D:DMC-S1000DBIKE-AAA-DA0-10-20-00AA-921A-A-T4JC">
    <target type="file">DMC-S1000DBIKE-AAA-DA0-10-20-00AA-921A-A-T4JC_001-00_EN-US.xml</target>
  </urn>
  <urn name="URN:S1000D:DMC-S1000DBIKE-AAA-DA0-20-00-00AA-412A-A-T45C">
    <target type="file">DMC-S1000DBIKE-AAA-DA0-20-00-00AA-412A-A-T45C_001-00_EN-US.xml</target>
  </urn>
  <urn name="URN:S1000D:DMC-S1000DBIKE-AAA-DA0-20-00-00AA-520A-A-T4JC">
    <target type="file">DMC-S1000DBIKE-AAA-DA0-20-00-00AA-520A-A-T4JC_001-00_EN-US.xml</target>
  </urn>
  <urn name="URN:S1000D:DMC-S1000DBIKE-AAA-DA0-20-00-00AA-520A-A">
    <target type="file">DMC-S1000DBIKE-AAA-DA0-20-00-00AA-520A-A_006-00_EN-US.xml</target>
  </urn>
  <urn name="URN:S1000D:DMC-S1000DBIKE-AAA-DA1-00-00-00AA-028A-A-T28C">
    <target type="file">DMC-S1000DBIKE-AAA-DA1-00-00-00AA-028A-A-T28C_001-00_EN-US.xml</target>
  </urn>
  <urn name="URN:S1000D:DMC-S1000DBIKE-AAA-DA1-00-00-00AA-041A-A-T10B">
    <target type="file">DMC-S1000DBIKE-AAA-DA1-00-00-00AA-041A-A-T10B_001-00_EN-US.xml</target>
  </urn>
  <urn name="URN:S1000D:DMC-S1000DBIKE-AAA-DA1-00-00-00AA-041A-A-T2FC">
    <target type="file">DMC-S1000DBIKE-AAA-DA1-00-00-00AA-041A-A-T2FC_001-00_EN-US.xml</target>
  </urn>
  <urn name="URN:S1000D:DMC-S1000DBIKE-AAA-DA1-00-00-00AA-041A-A-T2GB">
    <target type="file">DMC-S1000DBIKE-AAA-DA1-00-00-00AA-041A-A-T2GB_001-00_EN-US.xml</target>
  </urn>
  <urn name="URN:S1000D:DMC-S1000DBIKE-AAA-DA1-00-00-00AA-041A-A-T36D">
    <target type="file">DMC-S1000DBIKE-AAA-DA1-00-00-00AA-041A-A-T36D_001-00_EN-US.xml</target>
  </urn>
  <urn name="URN:S1000D:DMC-S1000DBIKE-AAA-DA1-00-00-00AA-041A-A-T40C">
    <target type="file">DMC-S1000DBIKE-AAA-DA1-00-00-00AA-041A-A-T40C_001-00_EN-US.xml</target>
  </urn>
  <urn name="URN:S1000D:DMC-S1000DBIKE-AAA-DA1-00-00-00AA-041A-A-T42C">
    <target type="file">DMC-S1000DBIKE-AAA-DA1-00-00-00AA-041A-A-T42C_001-00_EN-US.xml</target>
  </urn>
  <urn name="URN:S1000D:DMC-S1000DBIKE-AAA-DA1-00-00-00AA-041A-A-T4JC">
    <target type="file">DMC-S1000DBIKE-AAA-DA1-00-00-00AA-041A-A-T4JC_001-00_EN-US.xml</target>
  </urn>
  <urn name="URN:S1000D:DMC-S1000DBIKE-AAA-DA1-00-00-00AA-041A-A-T62E">
    <target type="file">DMC-S1000DBIKE-AAA-DA1-00-00-00AA-041A-A-T62E_001-00_EN-US.xml</target>
  </urn>
  <urn name="URN:S1000D:DMC-S1000DBIKE-AAA-DA1-00-00-00AA-041A-A-T63E">
    <target type="file">DMC-S1000DBIKE-AAA-DA1-00-00-00AA-041A-A-T63E_001-00_EN-US.xml</target>
  </urn>
  <urn name="URN:S1000D:DMC-S1000DBIKE-AAA-DA1-00-00-00AA-041A-A">
    <target type="file">DMC-S1000DBIKE-AAA-DA1-00-00-00AA-041A-A_006-00_EN-US.xml</target>
  </urn>
  <urn name="URN:S1000D:DMC-S1000DBIKE-AAA-DA1-00-00-00AA-310A-A-T4JC">
    <target type="file">DMC-S1000DBIKE-AAA-DA1-00-00-00AA-310A-A-T4JC_001-00_EN-US.xml</target>
  </urn>
  <urn name="URN:S1000D:DMC-S1000DBIKE-AAA-DA1-00-00-00AA-310A-A-T62E">
    <target type="file">DMC-S1000DBIKE-AAA-DA1-00-00-00AA-310A-A-T62E_001-00_EN-US.xml</target>
  </urn>
  <urn name="URN:S1000D:DMC-S1000DBIKE-AAA-DA1-00-00-00AA-341A-A-T45C">
    <target type="file">DMC-S1000DBIKE-AAA-DA1-00-00-00AA-341A-A-T45C_001-00_EN-US.xml</target>
  </urn>
  <urn name="URN:S1000D:DMC-S1000DBIKE-AAA-DA1-00-00-00AA-341A-A-T63E">
    <target type="file">DMC-S1000DBIKE-AAA-DA1-00-00-00AA-341A-A-T63E_001-00_EN-US.xml</target>
  </urn>
  <urn name="URN:S1000D:DMC-S1000DBIKE-AAA-DA1-00-00-00AA-913A-A-T36D">
    <target type="file">DMC-S1000DBIKE-AAA-DA1-00-00-00AA-913A-A-T36D_001-00_EN-US.xml</target>
  </urn>
  <urn name="URN:S1000D:DMC-S1000DBIKE-AAA-DA1-00-00-00AA-913A-A-T4JC">
    <target type="file">DMC-S1000DBIKE-AAA-DA1-00-00-00AA-913A-A-T4JC_001-00_EN-US.xml</target>
  </urn>
  <urn name="URN:S1000D:DMC-S1000DBIKE-AAA-DA1-00-00-00AA-913A-A-T88E">
    <target type="file">DMC-S1000DBIKE-AAA-DA1-00-00-00AA-913A-A-T88E_001-00_EN-US.xml</target>
  </urn>
  <urn name="URN:S1000D:DMC-S1000DBIKE-AAA-DA1-10-00-00AA-251A-A-T45C">
    <target type="file">DMC-S1000DBIKE-AAA-DA1-10-00-00AA-251A-A-T45C_001-00_EN-US.xml</target>
  </urn>
  <urn name="URN:S1000D:DMC-S1000DBIKE-AAA-DA2-00-00-00AA-018A-A-T10C">
    <target type="file">DMC-S1000DBIKE-AAA-DA2-00-00-00AA-018A-A-T10C_001-00_EN-US.xml</target>
  </urn>
  <urn name="URN:S1000D:DMC-S1000DBIKE-AAA-DA2-00-00-00AA-028A-A-T28C">
    <target type="file">DMC-S1000DBIKE-AAA-DA2-00-00-00AA-028A-A-T28C_001-00_EN-US.xml</target>
  </urn>
  <urn name="URN:S1000D:DMC-S1000DBIKE-AAA-DA2-00-00-00AA-041A-A-T2FB">
    <target type="file">DMC-S1000DBIKE-AAA-DA2-00-00-00AA-041A-A-T2FB_001-00_EN-US.xml</target>
  </urn>
  <urn name="URN:S1000D:DMC-S1000DBIKE-AAA-DA2-00-00-00AA-041A-A-T30C">
    <target type="file">DMC-S1000DBIKE-AAA-DA2-00-00-00AA-041A-A-T30C_001-00_EN-US.xml</target>
  </urn>
  <urn name="URN:S1000D:DMC-S1000DBIKE-AAA-DA2-00-00-00AA-041A-A-T36D">
    <target type="file">DMC-S1000DBIKE-AAA-DA2-00-00-00AA-041A-A-T36D_001-00_EN-US.xml</target>
  </urn>
  <urn name="URN:S1000D:DMC-S1000DBIKE-AAA-DA2-00-00-00AA-041A-A-T71E">
    <target type="file">DMC-S1000DBIKE-AAA-DA2-00-00-00AA-041A-A-T71E_001-00_EN-US.xml</target>
  </urn>
  <urn name="URN:S1000D:DMC-S1000DBIKE-AAA-DA2-00-00-00AA-041A-A-T88E">
    <target type="file">DMC-S1000DBIKE-AAA-DA2-00-00-00AA-041A-A-T88E_001-00_EN-US.xml</target>
  </urn>
  <urn name="URN:S1000D:DMC-S1000DBIKE-AAA-DA2-00-00-00AA-920A-A-T2GB">
    <target type="file">DMC-S1000DBIKE-AAA-DA2-00-00-00AA-920A-A-T2GB_001-00_EN-US.xml</target>
  </urn>
  <urn name="URN:S1000D:DMC-S1000DBIKE-AAA-DA2-00-00-00AA-920A-A-T36D">
    <target type="file">DMC-S1000DBIKE-AAA-DA2-00-00-00AA-920A-A-T36D_001-00_EN-US.xml</target>
  </urn>
  <urn name="URN:S1000D:DMC-S1000DBIKE-AAA-DA2-10-00-00AA-041A-A-T42C">
    <target type="file">DMC-S1000DBIKE-AAA-DA2-10-00-00AA-041A-A-T42C_001-00_EN-US.xml</target>
  </urn>
  <urn name="URN:S1000D:DMC-S1000DBIKE-AAA-DA2-10-00-00AA-041A-A-T62E">
    <target type="file">DMC-S1000DBIKE-AAA-DA2-10-00-00AA-041A-A-T62E_001-00_EN-US.xml</target>
  </urn>
  <urn name="URN:S1000D:DMC-S1000DBIKE-AAA-DA2-10-00-00AA-520A-A-T45C">
    <target type="file">DMC-S1000DBIKE-AAA-DA2-10-00-00AA-520A-A-T45C_001-00_EN-US.xml</target>
  </urn>
  <urn name="URN:S1000D:DMC-S1000DBIKE-AAA-DA2-10-00-00AA-520A-A">
    <target type="file">DMC-S1000DBIKE-AAA-DA2-10-00-00AA-520A-A_007-00_EN-US.xml</target>
  </urn>
  <urn name="URN:S1000D:DMC-S1000DBIKE-AAA-DA2-10-00-00AA-720A-A-T45C">
    <target type="file">DMC-S1000DBIKE-AAA-DA2-10-00-00AA-720A-A-T45C_001-00_EN-US.xml</target>
  </urn>
  <urn name="URN:S1000D:DMC-S1000DBIKE-AAA-DA2-10-00-00AA-720A-A">
    <target type="file">DMC-S1000DBIKE-AAA-DA2-10-00-00AA-720A-A_007-00_EN-US.xml</target>
  </urn>
  <urn name="URN:S1000D:DMC-S1000DBIKE-AAA-DA2-20-00-00AA-041A-A-T42C">
    <target type="file">DMC-S1000DBIKE-AAA-DA2-20-00-00AA-041A-A-T42C_001-00_EN-US.xml</target>
  </urn>
  <urn name="URN:S1000D:DMC-S1000DBIKE-AAA-DA2-20-00-00AA-041A-A-T62E">
    <target type="file">DMC-S1000DBIKE-AAA-DA2-20-00-00AA-041A-A-T62E_001-00_EN-US.xml</target>
  </urn>
  <urn name="URN:S1000D:DMC-S1000DBIKE-AAA-DA2-20-00-00AA-520A-A-T45C">
    <target type="file">DMC-S1000DBIKE-AAA-DA2-20-00-00AA-520A-A-T45C_001-00_EN-US.xml</target>
  </urn>
  <urn name="URN:S1000D:DMC-S1000DBIKE-AAA-DA2-20-00-00AA-520A-A-T63E">
    <target type="file">DMC-S1000DBIKE-AAA-DA2-20-00-00AA-520A-A-T63E_001-00_EN-US.xml</target>
  </urn>
  <urn name="URN:S1000D:DMC-S1000DBIKE-AAA-DA2-20-00-00AA-520A-A">
    <target type="file">DMC-S1000DBIKE-AAA-DA2-20-00-00AA-520A-A_007-00_EN-US.xml</target>
  </urn>
  <urn name="URN:S1000D:DMC-S1000DBIKE-AAA-DA2-20-00-00AA-720A-A-T45C">
    <target type="file">DMC-S1000DBIKE-AAA-DA2-20-00-00AA-720A-A-T45C_001-00_EN-US.xml</target>
  </urn>
  <urn name="URN:S1000D:DMC-S1000DBIKE-AAA-DA2-20-00-00AA-720A-A">
    <target type="file">DMC-S1000DBIKE-AAA-DA2-20-00-00AA-720A-A_007-00_EN-US.xml</target>
  </urn>
  <urn name="URN:S1000D:DMC-S1000DBIKE-AAA-DA2-30-00-00AA-041A-A-T42C">
    <target type="file">DMC-S1000DBIKE-AAA-DA2-30-00-00AA-041A-A-T42C_001-00_EN-US.xml</target>
  </urn>
  <urn name="URN:S1000D:DMC-S1000DBIKE-AAA-DA2-30-00-00AA-520A-A-T45C">
    <target type="file">DMC-S1000DBIKE-AAA-DA2-30-00-00AA-520A-A-T45C_001-00_EN-US.xml</target>
  </urn>
  <urn name="URN:S1000D:DMC-S1000DBIKE-AAA-DA2-30-00-00AA-520A-A-T62E">
    <target type="file">DMC-S1000DBIKE-AAA-DA2-30-00-00AA-520A-A-T62E_001-00_EN-US.xml</target>
  </urn>
  <urn name="URN:S1000D:DMC-S1000DBIKE-AAA-DA2-30-00-00AA-720A-A-T45C">
    <target type="file">DMC-S1000DBIKE-AAA-DA2-30-00-00AA-720A-A-T45C_001-00_EN-US.xml</target>
  </urn>
  <urn name="URN:S1000D:DMC-S1000DBIKE-AAA-DA3-00-00-00AA-041A-A">
    <target type="file">DMC-S1000DBIKE-AAA-DA3-00-00-00AA-041A-A_006-00_EN-US.xml</target>
  </urn>
  <urn name="URN:S1000D:DMC-S1000DBIKE-AAA-DA3-10-00-00AA-921A-A-T45C">
    <target type="file">DMC-S1000DBIKE-AAA-DA3-10-00-00AA-921A-A-T45C_001-00_EN-US.xml</target>
  </urn>
  <urn name="URN:S1000D:DMC-S1000DBIKE-AAA-DA4-00-00-00AA-028A-A-T28B">
    <target type="file">DMC-S1000DBIKE-AAA-DA4-00-00-00AA-028A-A-T28B_001-00_EN-US.xml</target>
  </urn>
  <urn name="URN:S1000D:DMC-S1000DBIKE-AAA-DA4-00-00-00AA-041A-A-T10B">
    <target type="file">DMC-S1000DBIKE-AAA-DA4-00-00-00AA-041A-A-T10B_001-00_EN-US.xml</target>
  </urn>
  <urn name="URN:S1000D:DMC-S1000DBIKE-AAA-DA4-00-00-00AA-041A-A-T2FB">
    <target type="file">DMC-S1000DBIKE-AAA-DA4-00-00-00AA-041A-A-T2FB_001-00_EN-US.xml</target>
  </urn>
  <urn name="URN:S1000D:DMC-S1000DBIKE-AAA-DA4-00-00-00AA-041A-A-T2GC">
    <target type="file">DMC-S1000DBIKE-AAA-DA4-00-00-00AA-041A-A-T2GC_001-00_EN-US.xml</target>
  </urn>
  <urn name="URN:S1000D:DMC-S1000DBIKE-AAA-DA4-00-00-00AA-041A-A-T36D">
    <target type="file">DMC-S1000DBIKE-AAA-DA4-00-00-00AA-041A-A-T36D_001-00_EN-US.xml</target>
  </urn>
  <urn name="URN:S1000D:DMC-S1000DBIKE-AAA-DA4-00-00-00AA-041A-A-T88E">
    <target type="file">DMC-S1000DBIKE-AAA-DA4-00-00-00AA-041A-A-T88E_001-00_EN-US.xml</target>
  </urn>
  <urn name="URN:S1000D:DMC-S1000DBIKE-AAA-DA4-00-00-00AA-258A-A-T36D">
    <target type="file">DMC-S1000DBIKE-AAA-DA4-00-00-00AA-258A-A-T36D_001-00_EN-US.xml</target>
  </urn>
  <urn name="URN:S1000D:DMC-S1000DBIKE-AAA-DA4-10-00-00AA-241A-A-T63E">
    <target type="file">DMC-S1000DBIKE-AAA-DA4-10-00-00AA-241A-A-T63E_001-00_EN-US.xml</target>
  </urn>
  <urn name="URN:S1000D:DMC-S1000DBIKE-AAA-DA4-10-00-00AA-251B-A-T4JC">
    <target type="file">DMC-S1000DBIKE-AAA-DA4-10-00-00AA-251B-A-T4JC_001-00_EN-US.xml</target>
  </urn>
  <urn name="URN:S1000D:DMC-S1000DBIKE-AAA-DA4-10-00-00AA-251B-A">
    <target type="file">DMC-S1000DBIKE-AAA-DA4-10-00-00AA-251B-A_006-00_EN-US.xml</target>
  </urn>
  <urn name="URN:S1000D:DMC-S1000DBIKE-AAA-DA4-10-00-00AA-258A-A-T45C">
    <target type="file">DMC-S1000DBIKE-AAA-DA4-10-00-00AA-258A-A-T45C_001-00_EN-US.xml</target>
  </urn>
  <urn name="URN:S1000D:DMC-S1000DBIKE-AAA-DA5-00-00-00AA-041A-A-T4RC">
    <target type="file">DMC-S1000DBIKE-AAA-DA5-00-00-00AA-041A-A-T4RC_001-00_EN-US.xml</target>
  </urn>
  <urn name="URN:S1000D:DMC-S1000DBIKE-AAA-DA5-00-00-00AA-041A-A-T63E">
    <target type="file">DMC-S1000DBIKE-AAA-DA5-00-00-00AA-041A-A-T63E_001-00_EN-US.xml</target>
  </urn>
  <urn name="URN:S1000D:DMC-S1000DBIKE-AAA-DA5-00-00-00AA-041A-A">
    <target type="file">DMC-S1000DBIKE-AAA-DA5-00-00-00AA-041A-A_006-00_EN-US.xml</target>
  </urn>
  <urn name="URN:S1000D:DMC-S1000DBIKE-AAA-DA5-10-00-00AA-041A-A-T42C">
    <target type="file">DMC-S1000DBIKE-AAA-DA5-10-00-00AA-041A-A-T42C_001-00_EN-US.xml</target>
  </urn>
  <urn name="URN:S1000D:DMC-S1000DBIKE-AAA-DA5-10-00-00AA-041A-A-T62E">
    <target type="file">DMC-S1000DBIKE-AAA-DA5-10-00-00AA-041A-A-T62E_001-00_EN-US.xml</target>
  </urn>
  <urn name="URN:S1000D:DMC-S1000DBIKE-AAA-DA5-10-00-00AA-041A-A">
    <target type="file">DMC-S1000DBIKE-AAA-DA5-10-00-00AA-041A-A_006-00_EN-US.xml</target>
  </urn>
  <urn name="URN:S1000D:DMC-S1000DBIKE-AAA-DA5-20-00-00AA-251C-A-T45C">
    <target type="file">DMC-S1000DBIKE-AAA-DA5-20-00-00AA-251C-A-T45C_001-00_EN-US.xml</target>
  </urn>
  <urn name="URN:S1000D:DMC-S1000DBIKE-AAA-DA5-20-00-00AA-251C-A-T62E">
    <target type="file">DMC-S1000DBIKE-AAA-DA5-20-00-00AA-251C-A-T62E_001-00_EN-US.xml</target>
  </urn>
  <urn name="URN:S1000D:DMC-S1000DBIKE-AAA-DA5-30-00-00AA-041A-A-T42C">
    <target type="file">DMC-S1000DBIKE-AAA-DA5-30-00-00AA-041A-A-T42C_001-00_EN-US.xml</target>
  </urn>
  <urn name="URN:S1000D:DMC-S1000DBIKE-AAA-DA5-30-00-00AA-041A-A-T45C">
    <target type="file">DMC-S1000DBIKE-AAA-DA5-30-00-00AA-041A-A-T45C_001-00_EN-US.xml</target>
  </urn>
  <urn name="URN:S1000D:DMC-S1000DBIKE-AAA-DA5-30-00-00AA-041A-A-T63E">
    <target type="file">DMC-S1000DBIKE-AAA-DA5-30-00-00AA-041A-A-T63E_001-00_EN-US.xml</target>
  </urn>
  <urn name="URN:S1000D:DMC-S1000DBIKE-AAA-DA5-30-00-00AA-041A-A">
    <target type="file">DMC-S1000DBIKE-AAA-DA5-30-00-00AA-041A-A_006-00_EN-US.xml</target>
  </urn>
  <urn name="URN:S1000D:DMC-S1000DLIGHTING-AAA-D00-00-00-00AA-040A-A-T42C">
    <target type="file">DMC-S1000DLIGHTING-AAA-D00-00-00-00AA-040A-A-T42C_001-00_EN-US.xml</target>
  </urn>
  <urn name="URN:S1000D:DMC-S1000DLIGHTING-AAA-D00-00-00-00AA-341A-A-T45C">
    <target type="file">DMC-S1000DLIGHTING-AAA-D00-00-00-00AA-341A-A-T45C_001-00_EN-US.xml</target>
  </urn>
  <urn name="URN:S1000D:DMC-S1000DLIGHTING-AAA-D00-00-00-00AA-413A-A-T42C">
    <target type="file">DMC-S1000DLIGHTING-AAA-D00-00-00-00AA-413A-A-T42C_001-00_EN-US.xml</target>
  </urn>
  <urn name="URN:S1000D:DMC-S1000DLIGHTING-AAA-D00-00-00-00AA-700A-A-T45C">
    <target type="file">DMC-S1000DLIGHTING-AAA-D00-00-00-00AA-700A-A-T45C_001-00_EN-US.xml</target>
  </urn>
  <urn name="URN:S1000D:DMC-S1000DLIGHTING-AAA-D00-00-00-00AA-700A-A-T62E">
    <target type="file">DMC-S1000DLIGHTING-AAA-D00-00-00-00AA-700A-A-T62E_001-00_EN-US.xml</target>
  </urn>
  <urn name="URN:S1000D:DMC-S1000DLIGHTING-AAA-D00-00-00-00AA-921A-A-T45C">
    <target type="file">DMC-S1000DLIGHTING-AAA-D00-00-00-00AA-921A-A-T45C_001-00_EN-US.xml</target>
  </urn>
  <urn name="URN:S1000D:ICN-S1000DBIKE-AAA-D000000-0-06RT9-00536-A-04-1">
    <target type="file">media/ICN-S1000DBIKE-AAA-D000000-0-06RT9-00536-A-04-1.swf</target>
  </urn>
  <urn name="URN:S1000D:ICN-S1000DBIKE-AAA-D000000-A-06RT9-00060-A-001-01">
    <target type="file">media/ICN-S1000DBIKE-AAA-D000000-A-06RT9-00060-A-001-01.jpg</target>
  </urn>
  <urn name="URN:S1000D:ICN-S1000DBIKE-AAA-D000000-A-06RT9-00149-A-001-01">
    <target type="file">media/ICN-S1000DBIKE-AAA-D000000-A-06RT9-00149-A-001-01.jpg</target>
  </urn>
  <urn name="URN:S1000D:ICN-S1000DBIKE-AAA-D000000-A-06RT9-00150-A-001-01">
    <target type="file">media/ICN-S1000DBIKE-AAA-D000000-A-06RT9-00150-A-001-01.jpg</target>
  </urn>
  <urn name="URN:S1000D:ICN-S1000DBIKE-AAA-D000000-A-06RT9-00151-A-001-01">
    <target type="file">media/ICN-S1000DBIKE-AAA-D000000-A-06RT9-00151-A-001-01.jpg</target>
  </urn>
  <urn name="URN:S1000D:ICN-S1000DBIKE-AAA-D000000-A-06RT9-00152-A-001-01">
    <target type="file">media/ICN-S1000DBIKE-AAA-D000000-A-06RT9-00152-A-001-01.jpg</target>
  </urn>
  <urn name="URN:S1000D:ICN-S1000DBIKE-AAA-D000000-A-06RT9-00153-A-001-01">
    <target type="file">media/ICN-S1000DBIKE-AAA-D000000-A-06RT9-00153-A-001-01.jpg</target>
  </urn>
  <urn name="URN:S1000D:ICN-S1000DBIKE-AAA-D000000-A-06RT9-00154-A-001-01">
    <target type="file">media/ICN-S1000DBIKE-AAA-D000000-A-06RT9-00154-A-001-01.jpg</target>
  </urn>
  <urn name="URN:S1000D:ICN-S1000DBIKE-AAA-D000000-A-06RT9-00155-A-001-01">
    <target type="file">media/ICN-S1000DBIKE-AAA-D000000-A-06RT9-00155-A-001-01.jpg</target>
  </urn>
  <urn name="URN:S1000D:ICN-S1000DBIKE-AAA-D000000-A-06RT9-00156-A-001-01">
    <target type="file">media/ICN-S1000DBIKE-AAA-D000000-A-06RT9-00156-A-001-01.jpg</target>
  </urn>
  <urn name="URN:S1000D:ICN-S1000DBIKE-AAA-D000000-A-06RT9-00157-A-001-01">
    <target type="file">media/ICN-S1000DBIKE-AAA-D000000-A-06RT9-00157-A-001-01.jpg</target>
  </urn>
  <urn name="URN:S1000D:ICN-S1000DBIKE-AAA-D000000-A-06RT9-00158-A-001-01">
    <target type="file">media/ICN-S1000DBIKE-AAA-D000000-A-06RT9-00158-A-001-01.jpg</target>
  </urn>
  <urn name="URN:S1000D:ICN-S1000DBIKE-AAA-D000000-A-06RT9-00159-A-001-01">
    <target type="file">media/ICN-S1000DBIKE-AAA-D000000-A-06RT9-00159-A-001-01.jpg</target>
  </urn>
  <urn name="URN:S1000D:ICN-S1000DBIKE-AAA-D000000-A-06RT9-00160-A-001-01">
    <target type="file">media/ICN-S1000DBIKE-AAA-D000000-A-06RT9-00160-A-001-01.jpg</target>
  </urn>
  <urn name="URN:S1000D:ICN-S1000DBIKE-AAA-D000000-A-06RT9-00162-A-001-01">
    <target type="file">media/ICN-S1000DBIKE-AAA-D000000-A-06RT9-00162-A-001-01.jpg</target>
  </urn>
  <urn name="URN:S1000D:ICN-S1000DBIKE-AAA-D000000-A-06RT9-00163-A-001-01">
    <target type="file">media/ICN-S1000DBIKE-AAA-D000000-A-06RT9-00163-A-001-01.swf</target>
  </urn>
  <urn name="URN:S1000D:ICN-S1000DBIKE-AAA-D000000-A-06RT9-00165-A-001-01">
    <target type="file">media/ICN-S1000DBIKE-AAA-D000000-A-06RT9-00165-A-001-01.jpg</target>
  </urn>
  <urn name="URN:S1000D:ICN-S1000DBIKE-AAA-D000000-A-06RT9-00170-A-001-01">
    <target type="file">media/ICN-S1000DBIKE-AAA-D000000-A-06RT9-00170-A-001-01.jpg</target>
  </urn>
  <urn name="URN:S1000D:ICN-S1000DBIKE-AAA-D000000-A-06RT9-00171-A-001-01">
    <target type="file">media/ICN-S1000DBIKE-AAA-D000000-A-06RT9-00171-A-001-01.swf</target>
  </urn>
  <urn name="URN:S1000D:ICN-S1000DBIKE-AAA-D000000-A-06RT9-00173-A-001-01">
    <target type="file">media/ICN-S1000DBIKE-AAA-D000000-A-06RT9-00173-A-001-01.jpg</target>
  </urn>
  <urn name="URN:S1000D:ICN-S1000DBIKE-AAA-D000000-A-06RT9-00175-A-001-01">
    <target type="file">media/ICN-S1000DBIKE-AAA-D000000-A-06RT9-00175-A-001-01.jpg</target>
  </urn>
  <urn name="URN:S1000D:ICN-S1000DBIKE-AAA-D000000-A-06RT9-00183-A-001-01">
    <target type="file">media/ICN-S1000DBIKE-AAA-D000000-A-06RT9-00183-A-001-01.jpg</target>
  </urn>
  <urn name="URN:S1000D:ICN-S1000DBIKE-AAA-DA00000-0-U8025-00504-A-04-1">
    <target type="file">media/ICN-S1000DBIKE-AAA-DA00000-0-U8025-00504-A-04-1.jpg</target>
  </urn>
  <urn name="URN:S1000D:ICN-S1000DBIKE-AAA-DA00000-0-U8025-00504-B-04-1">
    <target type="file">media/ICN-S1000DBIKE-AAA-DA00000-0-U8025-00504-B-04-1.jpg</target>
  </urn>
  <urn name="URN:S1000D:ICN-S1000DBIKE-AAA-DA00000-0-U8025-00505-A-04-1">
    <target type="file">media/ICN-S1000DBIKE-AAA-DA00000-0-U8025-00505-A-04-1.jpg</target>
  </urn>
  <urn name="URN:S1000D:ICN-S1000DBIKE-AAA-DA00000-A-06RT9-00079-A-001-01">
    <target type="file">media/ICN-S1000DBIKE-AAA-DA00000-A-06RT9-00079-A-001-01.jpg</target>
  </urn>
  <urn name="URN:S1000D:ICN-S1000DBIKE-AAA-DA00000-A-06RT9-00080-A-001-01">
    <target type="file">media/ICN-S1000DBIKE-AAA-DA00000-A-06RT9-00080-A-001-01.jpg</target>
  </urn>
  <urn name="URN:S1000D:ICN-S1000DBIKE-AAA-DA00000-A-06RT9-00081-A-001-01">
    <target type="file">media/ICN-S1000DBIKE-AAA-DA00000-A-06RT9-00081-A-001-01.jpg</target>
  </urn>
  <urn name="URN:S1000D:ICN-S1000DBIKE-AAA-DA00000-A-06RT9-00082-A-001-01">
    <target type="file">media/ICN-S1000DBIKE-AAA-DA00000-A-06RT9-00082-A-001-01.jpg</target>
  </urn>
  <urn name="URN:S1000D:ICN-S1000DBIKE-AAA-DA00000-A-06RT9-00083-A-001-01">
    <target type="file">media/ICN-S1000DBIKE-AAA-DA00000-A-06RT9-00083-A-001-01.jpg</target>
  </urn>
  <urn name="URN:S1000D:ICN-S1000DBIKE-AAA-DA00000-A-06RT9-00089-A-001-01">
    <target type="file">media/ICN-S1000DBIKE-AAA-DA00000-A-06RT9-00089-A-001-01.jpg</target>
  </urn>
  <urn name="URN:S1000D:ICN-S1000DBIKE-AAA-DA00000-A-06RT9-00090-A-001-01">
    <target type="file">media/ICN-S1000DBIKE-AAA-DA00000-A-06RT9-00090-A-001-01.jpg</target>
  </urn>
  <urn name="URN:S1000D:ICN-S1000DBIKE-AAA-DA00000-A-06RT9-00091-A-001-01">
    <target type="file">media/ICN-S1000DBIKE-AAA-DA00000-A-06RT9-00091-A-001-01.jpg</target>
  </urn>
  <urn name="URN:S1000D:ICN-S1000DBIKE-AAA-DA00000-A-06RT9-00092-A-001-01">
    <target type="file">media/ICN-S1000DBIKE-AAA-DA00000-A-06RT9-00092-A-001-01.jpg</target>
  </urn>
  <urn name="URN:S1000D:ICN-S1000DBIKE-AAA-DA00000-A-06RT9-00093-A-001-01">
    <target type="file">media/ICN-S1000DBIKE-AAA-DA00000-A-06RT9-00093-A-001-01.jpg</target>
  </urn>
  <urn name="URN:S1000D:ICN-S1000DBIKE-AAA-DA00000-A-06RT9-00094-A-001-01">
    <target type="file">media/ICN-S1000DBIKE-AAA-DA00000-A-06RT9-00094-A-001-01.swf</target>
  </urn>
  <urn name="URN:S1000D:ICN-S1000DBIKE-AAA-DA00000-A-06RT9-00095-A-001-01">
    <target type="file">media/ICN-S1000DBIKE-AAA-DA00000-A-06RT9-00095-A-001-01.jpg</target>
  </urn>
  <urn name="URN:S1000D:ICN-S1000DBIKE-AAA-DA00000-A-06RT9-00098-A-001-01">
    <target type="file">media/ICN-S1000DBIKE-AAA-DA00000-A-06RT9-00098-A-001-01.jpg</target>
  </urn>
  <urn name="URN:S1000D:ICN-S1000DBIKE-AAA-DA00000-A-06RT9-00101-A-001-01">
    <target type="file">media/ICN-S1000DBIKE-AAA-DA00000-A-06RT9-00101-A-001-01.jpg</target>
  </urn>
  <urn name="URN:S1000D:ICN-S1000DBIKE-AAA-DA00000-A-06RT9-00105-A-001-01">
    <target type="file">media/ICN-S1000DBIKE-AAA-DA00000-A-06RT9-00105-A-001-01.jpg</target>
  </urn>
  <urn name="URN:S1000D:ICN-S1000DBIKE-AAA-DA00000-A-06RT9-00106-A-001-01">
    <target type="file">media/ICN-S1000DBIKE-AAA-DA00000-A-06RT9-00106-A-001-01.jpg</target>
  </urn>
  <urn name="URN:S1000D:ICN-S1000DBIKE-AAA-DA00000-A-06RT9-00107-A-001-01">
    <target type="file">media/ICN-S1000DBIKE-AAA-DA00000-A-06RT9-00107-A-001-01.jpg</target>
  </urn>
  <urn name="URN:S1000D:ICN-S1000DBIKE-AAA-DA00000-A-06RT9-00108-A-001-01">
    <target type="file">media/ICN-S1000DBIKE-AAA-DA00000-A-06RT9-00108-A-001-01.jpg</target>
  </urn>
  <urn name="URN:S1000D:ICN-S1000DBIKE-AAA-DA00000-A-06RT9-00109-A-001-01">
    <target type="file">media/ICN-S1000DBIKE-AAA-DA00000-A-06RT9-00109-A-001-01.jpg</target>
  </urn>
  <urn name="URN:S1000D:ICN-S1000DBIKE-AAA-DA00000-A-06RT9-00110-A-001-01">
    <target type="file">media/ICN-S1000DBIKE-AAA-DA00000-A-06RT9-00110-A-001-01.jpg</target>
  </urn>
  <urn name="URN:S1000D:ICN-S1000DBIKE-AAA-DA00000-A-06RT9-00111-A-001-01">
    <target type="file">media/ICN-S1000DBIKE-AAA-DA00000-A-06RT9-00111-A-001-01.jpg</target>
  </urn>
  <urn name="URN:S1000D:ICN-S1000DBIKE-AAA-DA00000-A-06RT9-00112-A-001-01">
    <target type="file">media/ICN-S1000DBIKE-AAA-DA00000-A-06RT9-00112-A-001-01.jpg</target>
  </urn>
  <urn name="URN:S1000D:ICN-S1000DBIKE-AAA-DA00000-A-06RT9-00113-A-001-01">
    <target type="file">media/ICN-S1000DBIKE-AAA-DA00000-A-06RT9-00113-A-001-01.jpg</target>
  </urn>
  <urn name="URN:S1000D:ICN-S1000DBIKE-AAA-DA00000-A-06RT9-00114-A-001-01">
    <target type="file">media/ICN-S1000DBIKE-AAA-DA00000-A-06RT9-00114-A-001-01.jpg</target>
  </urn>
  <urn name="URN:S1000D:ICN-S1000DBIKE-AAA-DA00000-A-06RT9-00115-A-001-01">
    <target type="file">media/ICN-S1000DBIKE-AAA-DA00000-A-06RT9-00115-A-001-01.jpg</target>
  </urn>
  <urn name="URN:S1000D:ICN-S1000DBIKE-AAA-DA00000-A-06RT9-00116-A-001-01">
    <target type="file">media/ICN-S1000DBIKE-AAA-DA00000-A-06RT9-00116-A-001-01.jpg</target>
  </urn>
  <urn name="URN:S1000D:ICN-S1000DBIKE-AAA-DA00000-A-06RT9-00118-A-001-01">
    <target type="file">media/ICN-S1000DBIKE-AAA-DA00000-A-06RT9-00118-A-001-01.jpg</target>
  </urn>
  <urn name="URN:S1000D:ICN-S1000DBIKE-AAA-DA00000-A-06RT9-00119-A-001-01">
    <target type="file">media/ICN-S1000DBIKE-AAA-DA00000-A-06RT9-00119-A-001-01.jpg</target>
  </urn>
  <urn name="URN:S1000D:ICN-S1000DBIKE-AAA-DA00000-A-06RT9-00120-A-001-01">
    <target type="file">media/ICN-S1000DBIKE-AAA-DA00000-A-06RT9-00120-A-001-01.jpg</target>
  </urn>
  <urn name="URN:S1000D:ICN-S1000DBIKE-AAA-DA00000-A-06RT9-00121-A-001-01">
    <target type="file">media/ICN-S1000DBIKE-AAA-DA00000-A-06RT9-00121-A-001-01.jpg</target>
  </urn>
  <urn name="URN:S1000D:ICN-S1000DBIKE-AAA-DA00000-A-06RT9-00122-A-001-01">
    <target type="file">media/ICN-S1000DBIKE-AAA-DA00000-A-06RT9-00122-A-001-01.jpg</target>
  </urn>
  <urn name="URN:S1000D:ICN-S1000DBIKE-AAA-DA00000-A-06RT9-00123-A-001-01">
    <target type="file">media/ICN-S1000DBIKE-AAA-DA00000-A-06RT9-00123-A-001-01.jpg</target>
  </urn>
  <urn name="URN:S1000D:ICN-S1000DBIKE-AAA-DA00000-A-06RT9-00185-A-001-01">
    <target type="file">media/ICN-S1000DBIKE-AAA-DA00000-A-06RT9-00185-A-001-01.jpg</target>
  </urn>
  <urn name="URN:S1000D:ICN-S1000DBIKE-AAA-DA10000-0-U8025-00512-A-04-1">
    <target type="file">media/ICN-S1000DBIKE-AAA-DA10000-0-U8025-00512-A-04-1.jpg</target>
  </urn>
  <urn name="URN:S1000D:ICN-S1000DBIKE-AAA-DA10000-0-U8025-00513-A-04-1">
    <target type="file">media/ICN-S1000DBIKE-AAA-DA10000-0-U8025-00513-A-04-1.jpg</target>
  </urn>
  <urn name="URN:S1000D:ICN-S1000DBIKE-AAA-DA10000-0-U8025-00514-A-04-1">
    <target type="file">media/ICN-S1000DBIKE-AAA-DA10000-0-U8025-00514-A-04-1.jpg</target>
  </urn>
  <urn name="URN:S1000D:ICN-S1000DBIKE-AAA-DA10000-0-U8025-00515-A-04-1">
    <target type="file">media/ICN-S1000DBIKE-AAA-DA10000-0-U8025-00515-A-04-1.jpg</target>
  </urn>
  <urn name="URN:S1000D:ICN-S1000DBIKE-AAA-DA10000-0-U8025-00537-A-03-1">
    <target type="file">media/ICN-S1000DBIKE-AAA-DA10000-0-U8025-00537-A-03-1.SWF</target>
  </urn>
  <urn name="URN:S1000D:ICN-S1000DBIKE-AAA-DA10000-A-06RT9-00124-A-001-01">
    <target type="file">media/ICN-S1000DBIKE-AAA-DA10000-A-06RT9-00124-A-001-01.jpg</target>
  </urn>
  <urn name="URN:S1000D:ICN-S1000DBIKE-AAA-DA10000-A-06RT9-00125-A-001-01">
    <target type="file">media/ICN-S1000DBIKE-AAA-DA10000-A-06RT9-00125-A-001-01.jpg</target>
  </urn>
  <urn name="URN:S1000D:ICN-S1000DBIKE-AAA-DA10000-A-06RT9-00126-A-001-01">
    <target type="file">media/ICN-S1000DBIKE-AAA-DA10000-A-06RT9-00126-A-001-01.jpg</target>
  </urn>
  <urn name="URN:S1000D:ICN-S1000DBIKE-AAA-DA10000-A-06RT9-00128-A-001-01">
    <target type="file">media/ICN-S1000DBIKE-AAA-DA10000-A-06RT9-00128-A-001-01.jpg</target>
  </urn>
  <urn name="URN:S1000D:ICN-S1000DBIKE-AAA-DA10000-A-06RT9-00130-A-001-01">
    <target type="file">media/ICN-S1000DBIKE-AAA-DA10000-A-06RT9-00130-A-001-01.swf</target>
  </urn>
  <urn name="URN:S1000D:ICN-S1000DBIKE-AAA-DA10000-A-06RT9-00131-A-001-01">
    <target type="file">media/ICN-S1000DBIKE-AAA-DA10000-A-06RT9-00131-A-001-01.jpg</target>
  </urn>
  <urn name="URN:S1000D:ICN-S1000DBIKE-AAA-DA10000-A-06RT9-00132-A-001-01">
    <target type="file">media/ICN-S1000DBIKE-AAA-DA10000-A-06RT9-00132-A-001-01.jpg</target>
  </urn>
  <urn name="URN:S1000D:ICN-S1000DBIKE-AAA-DA10000-A-06RT9-00133-A-001-01">
    <target type="file">media/ICN-S1000DBIKE-AAA-DA10000-A-06RT9-00133-A-001-01.jpg</target>
  </urn>
  <urn name="URN:S1000D:ICN-S1000DBIKE-AAA-DA10000-A-06RT9-00134-A-001-01">
    <target type="file">media/ICN-S1000DBIKE-AAA-DA10000-A-06RT9-00134-A-001-01.jpg</target>
  </urn>
  <urn name="URN:S1000D:ICN-S1000DBIKE-AAA-DA10000-A-06RT9-00135-A-001-01">
    <target type="file">media/ICN-S1000DBIKE-AAA-DA10000-A-06RT9-00135-A-001-01.jpg</target>
  </urn>
  <urn name="URN:S1000D:ICN-S1000DBIKE-AAA-DA10000-A-06RT9-00136-A-001-01">
    <target type="file">media/ICN-S1000DBIKE-AAA-DA10000-A-06RT9-00136-A-001-01.jpg</target>
  </urn>
  <urn name="URN:S1000D:ICN-S1000DBIKE-AAA-DA10000-A-06RT9-00139-A-001-01">
    <target type="file">media/ICN-S1000DBIKE-AAA-DA10000-A-06RT9-00139-A-001-01.swf</target>
  </urn>
  <urn name="URN:S1000D:ICN-S1000DBIKE-AAA-DA10000-A-06RT9-00141-A-001-01">
    <target type="file">media/ICN-S1000DBIKE-AAA-DA10000-A-06RT9-00141-A-001-01.jpg</target>
  </urn>
  <urn name="URN:S1000D:ICN-S1000DBIKE-AAA-DA10000-A-06RT9-00142-A-001-01">
    <target type="file">media/ICN-S1000DBIKE-AAA-DA10000-A-06RT9-00142-A-001-01.jpg</target>
  </urn>
  <urn name="URN:S1000D:ICN-S1000DBIKE-AAA-DA10000-A-06RT9-00143-A-001-01">
    <target type="file">media/ICN-S1000DBIKE-AAA-DA10000-A-06RT9-00143-A-001-01.jpg</target>
  </urn>
  <urn name="URN:S1000D:ICN-S1000DBIKE-AAA-DA10000-A-06RT9-00144-A-001-01">
    <target type="file">media/ICN-S1000DBIKE-AAA-DA10000-A-06RT9-00144-A-001-01.jpg</target>
  </urn>
  <urn name="URN:S1000D:ICN-S1000DBIKE-AAA-DA10000-A-06RT9-00145-A-001-01">
    <target type="file">media/ICN-S1000DBIKE-AAA-DA10000-A-06RT9-00145-A-001-01.jpg</target>
  </urn>
  <urn name="URN:S1000D:ICN-S1000DBIKE-AAA-DA10000-A-06RT9-00146-A-001-01">
    <target type="file">media/ICN-S1000DBIKE-AAA-DA10000-A-06RT9-00146-A-001-01.jpg</target>
  </urn>
  <urn name="URN:S1000D:ICN-S1000DBIKE-AAA-DA10000-A-06RT9-00147-A-001-01">
    <target type="file">media/ICN-S1000DBIKE-AAA-DA10000-A-06RT9-00147-A-001-01.jpg</target>
  </urn>
  <urn name="URN:S1000D:ICN-S1000DBIKE-AAA-DA10000-A-06RT9-00148-A-001-01">
    <target type="file">media/ICN-S1000DBIKE-AAA-DA10000-A-06RT9-00148-A-001-01.jpg</target>
  </urn>
  <urn name="URN:S1000D:ICN-S1000DBIKE-AAA-DA20000-A-06RT9-00003-A-001-01">
    <target type="file">media/ICN-S1000DBIKE-AAA-DA20000-A-06RT9-00003-A-001-01.jpg</target>
  </urn>
  <urn name="URN:S1000D:ICN-S1000DBIKE-AAA-DA20000-A-06RT9-00004-A-001-01">
    <target type="file">media/ICN-S1000DBIKE-AAA-DA20000-A-06RT9-00004-A-001-01.jpg</target>
  </urn>
  <urn name="URN:S1000D:ICN-S1000DBIKE-AAA-DA20000-A-06RT9-00005-A-001-01">
    <target type="file">media/ICN-S1000DBIKE-AAA-DA20000-A-06RT9-00005-A-001-01.jpg</target>
  </urn>
  <urn name="URN:S1000D:ICN-S1000DBIKE-AAA-DA20000-A-06RT9-00007-A-001-01">
    <target type="file">media/ICN-S1000DBIKE-AAA-DA20000-A-06RT9-00007-A-001-01.swf</target>
  </urn>
  <urn name="URN:S1000D:ICN-S1000DBIKE-AAA-DA20000-A-06RT9-00013-A-001-01">
    <target type="file">media/ICN-S1000DBIKE-AAA-DA20000-A-06RT9-00013-A-001-01.jpg</target>
  </urn>
  <urn name="URN:S1000D:ICN-S1000DBIKE-AAA-DA20000-A-06RT9-00014-A-001-01">
    <target type="file">media/ICN-S1000DBIKE-AAA-DA20000-A-06RT9-00014-A-001-01.jpg</target>
  </urn>
  <urn name="URN:S1000D:ICN-S1000DBIKE-AAA-DA20000-A-06RT9-00026-A-001-01">
    <target type="file">media/ICN-S1000DBIKE-AAA-DA20000-A-06RT9-00026-A-001-01.jpg</target>
  </urn>
  <urn name="URN:S1000D:ICN-S1000DBIKE-AAA-DA20000-A-06RT9-00028-A-001-01">
    <target type="file">media/ICN-S1000DBIKE-AAA-DA20000-A-06RT9-00028-A-001-01.jpg</target>
  </urn>
  <urn name="URN:S1000D:ICN-S1000DBIKE-AAA-DA20000-A-06RT9-00029-A-001-01">
    <target type="file">media/ICN-S1000DBIKE-AAA-DA20000-A-06RT9-00029-A-001-01.jpg</target>
  </urn>
  <urn name="URN:S1000D:ICN-S1000DBIKE-AAA-DA20000-A-06RT9-00030-A-001-01">
    <target type="file">media/ICN-S1000DBIKE-AAA-DA20000-A-06RT9-00030-A-001-01.jpg</target>
  </urn>
  <urn name="URN:S1000D:ICN-S1000DBIKE-AAA-DA21000-0-U8025-00529-A-04-1">
    <target type="file">media/ICN-S1000DBIKE-AAA-DA21000-0-U8025-00529-A-04-1.jpg</target>
  </urn>
  <urn name="URN:S1000D:ICN-S1000DBIKE-AAA-DA21000-0-U8025-00530-A-04-1">
    <target type="file">media/ICN-S1000DBIKE-AAA-DA21000-0-U8025-00530-A-04-1.jpg</target>
  </urn>
  <urn name="URN:S1000D:ICN-S1000DBIKE-AAA-DA21000-0-U8025-00531-A-04-1">
    <target type="file">media/ICN-S1000DBIKE-AAA-DA21000-0-U8025-00531-A-04-1.jpg</target>
  </urn>
  <urn name="URN:S1000D:ICN-S1000DBIKE-AAA-DA21000-A-06RT9-00011-A-001-01">
    <target type="file">media/ICN-S1000DBIKE-AAA-DA21000-A-06RT9-00011-A-001-01.jpg</target>
  </urn>
  <urn name="URN:S1000D:ICN-S1000DBIKE-AAA-DA21000-A-06RT9-00022-A-001-01">
    <target type="file">media/ICN-S1000DBIKE-AAA-DA21000-A-06RT9-00022-A-001-01.swf</target>
  </urn>
  <urn name="URN:S1000D:ICN-S1000DBIKE-AAA-DA21000-A-06RT9-00023-A-001-01">
    <target type="file">media/ICN-S1000DBIKE-AAA-DA21000-A-06RT9-00023-A-001-01.jpg</target>
  </urn>
  <urn name="URN:S1000D:ICN-S1000DBIKE-AAA-DA21000-A-06RT9-00024-A-001-01">
    <target type="file">media/ICN-S1000DBIKE-AAA-DA21000-A-06RT9-00024-A-001-01.jpg</target>
  </urn>
  <urn name="URN:S1000D:ICN-S1000DBIKE-AAA-DA22000-0-U8025-00517-A-04-1">
    <target type="file">media/ICN-S1000DBIKE-AAA-DA22000-0-U8025-00517-A-04-1.jpg</target>
  </urn>
  <urn name="URN:S1000D:ICN-S1000DBIKE-AAA-DA22000-0-U8025-00518-A-04-1">
    <target type="file">media/ICN-S1000DBIKE-AAA-DA22000-0-U8025-00518-A-04-1.jpg</target>
  </urn>
  <urn name="URN:S1000D:ICN-S1000DBIKE-AAA-DA22000-A-06RT9-00015-A-001-01">
    <target type="file">media/ICN-S1000DBIKE-AAA-DA22000-A-06RT9-00015-A-001-01.jpg</target>
  </urn>
  <urn name="URN:S1000D:ICN-S1000DBIKE-AAA-DA22000-A-06RT9-00016-A-001-01">
    <target type="file">media/ICN-S1000DBIKE-AAA-DA22000-A-06RT9-00016-A-001-01.jpg</target>
  </urn>
  <urn name="URN:S1000D:ICN-S1000DBIKE-AAA-DA22000-A-06RT9-00017-A-001-01">
    <target type="file">media/ICN-S1000DBIKE-AAA-DA22000-A-06RT9-00017-A-001-01.jpg</target>
  </urn>
  <urn name="URN:S1000D:ICN-S1000DBIKE-AAA-DA23000-A-06RT9-00009-A-001-01">
    <target type="file">media/ICN-S1000DBIKE-AAA-DA23000-A-06RT9-00009-A-001-01.swf</target>
  </urn>
  <urn name="URN:S1000D:ICN-S1000DBIKE-AAA-DA23000-A-06RT9-00019-A-001-01">
    <target type="file">media/ICN-S1000DBIKE-AAA-DA23000-A-06RT9-00019-A-001-01.jpg</target>
  </urn>
  <urn name="URN:S1000D:ICN-S1000DBIKE-AAA-DA23000-A-06RT9-00020-A-001-01">
    <target type="file">media/ICN-S1000DBIKE-AAA-DA23000-A-06RT9-00020-A-001-01.swf</target>
  </urn>
  <urn name="URN:S1000D:ICN-S1000DBIKE-AAA-DA30000-0-U8025-00503-A-04-1">
    <target type="file">media/ICN-S1000DBIKE-AAA-DA30000-0-U8025-00503-A-04-1.jpg</target>
  </urn>
  <urn name="URN:S1000D:ICN-S1000DBIKE-AAA-DA30000-0-U8025-00534-A-04-1">
    <target type="file">media/ICN-S1000DBIKE-AAA-DA30000-0-U8025-00534-A-04-1.jpg</target>
  </urn>
  <urn name="URN:S1000D:ICN-S1000DBIKE-AAA-DA40000-A-06RT9-00049-A-001-01">
    <target type="file">media/ICN-S1000DBIKE-AAA-DA40000-A-06RT9-00049-A-001-01.jpg</target>
  </urn>
  <urn name="URN:S1000D:ICN-S1000DBIKE-AAA-DA40000-A-06RT9-00050-A-001-01">
    <target type="file">media/ICN-S1000DBIKE-AAA-DA40000-A-06RT9-00050-A-001-01.jpg</target>
  </urn>
  <urn name="URN:S1000D:ICN-S1000DBIKE-AAA-DA40000-A-06RT9-00059-A-001-01">
    <target type="file">media/ICN-S1000DBIKE-AAA-DA40000-A-06RT9-00059-A-001-01.jpg</target>
  </urn>
  <urn name="URN:S1000D:ICN-S1000DBIKE-AAA-DA50000-A-06RT9-00054-A-001-01">
    <target type="file">media/ICN-S1000DBIKE-AAA-DA50000-A-06RT9-00054-A-001-01.jpg</target>
  </urn>
  <urn name="URN:S1000D:ICN-S1000DBIKE-AAA-DA51000-0-U8025-00519-A-04-1">
    <target type="file">media/ICN-S1000DBIKE-AAA-DA51000-0-U8025-00519-A-04-1.jpg</target>
  </urn>
  <urn name="URN:S1000D:ICN-S1000DBIKE-AAA-DA51000-0-U8025-00520-A-04-1">
    <target type="file">media/ICN-S1000DBIKE-AAA-DA51000-0-U8025-00520-A-04-1.jpg</target>
  </urn>
  <urn name="URN:S1000D:ICN-S1000DBIKE-AAA-DA51000-A-06RT9-00056-A-001-01">
    <target type="file">media/ICN-S1000DBIKE-AAA-DA51000-A-06RT9-00056-A-001-01.swf</target>
  </urn>
  <urn name="URN:S1000D:ICN-S1000DBIKE-AAA-DA51000-A-06RT9-00057-A-001-01">
    <target type="file">media/ICN-S1000DBIKE-AAA-DA51000-A-06RT9-00057-A-001-01.swf</target>
  </urn>
  <urn name="URN:S1000D:ICN-S1000DBIKE-AAA-DA51000-A-06RT9-00058-A-001-01">
    <target type="file">media/ICN-S1000DBIKE-AAA-DA51000-A-06RT9-00058-A-001-01.jpg</target>
  </urn>
  <urn name="URN:S1000D:ICN-S1000DBIKE-AAA-DA53000-0-U8025-00525-A-04-1">
    <target type="file">media/ICN-S1000DBIKE-AAA-DA53000-0-U8025-00525-A-04-1.jpg</target>
  </urn>
  <urn name="URN:S1000D:ICN-S1000DBIKE-AAA-DA53000-0-U8025-00526-A-04-1">
    <target type="file">media/ICN-S1000DBIKE-AAA-DA53000-0-U8025-00526-A-04-1.jpg</target>
  </urn>
  <urn name="URN:S1000D:ICN-S1000DBIKE-AAA-DA53000-0-U8025-00527-A-04-1">
    <target type="file">media/ICN-S1000DBIKE-AAA-DA53000-0-U8025-00527-A-04-1.jpg</target>
  </urn>
  <urn name="URN:S1000D:ICN-S1000DBIKE-AAA-DA53000-0-U8025-00535-A-04-1">
    <target type="file">media/ICN-S1000DBIKE-AAA-DA53000-0-U8025-00535-A-04-1.jpg</target>
  </urn>
  <urn name="URN:S1000D:ICN-S1000DBIKE-AAA-DA53000-A-06RT9-00051-A-001-01">
    <target type="file">media/ICN-S1000DBIKE-AAA-DA53000-A-06RT9-00051-A-001-01.jpg</target>
  </urn>
  <urn name="URN:S1000D:ICN-S1000DBIKE-AAA-DA53000-A-06RT9-00186-A-001-01">
    <target type="file">media/ICN-S1000DBIKE-AAA-DA53000-A-06RT9-00186-A-001-01.jpg</target>
  </urn>
  <urn name="URN:S1000D:ICN-S1000DBIKE-AAA-DA53000-A-06RT9-00187-A-001-01">
    <target type="file">media/ICN-S1000DBIKE-AAA-DA53000-A-06RT9-00187-A-001-01.jpg</target>
  </urn>
  <urn name="URN:S1000D:ICN-S1000DBIKE-AAA-DA53000-A-06RT9-00188-A-001-01">
    <target type="file">media/ICN-S1000DBIKE-AAA-DA53000-A-06RT9-00188-A-001-01.jpg</target>
  </urn>
</urn-resource>

